{"day_17768":1.0349149916247906,"day_17769":1.0340469011725293,"day_17770":1.0325029313232832,"day_17771":1.0303136515912898,"day_17772":1.0288634840871023,"day_17773":1.0273274706867672,"day_17774":1.0254028475711894,"day_17775":1.02371608040201,"day_17776":1.023111390284757,"day_17777":1.0238132328308207,"day_17778":1.0237793132328308,"day_17779":1.0250812395309883,"day_17780":1.023959798994975,"day_17781":1.0241256281407036,"day_17782":1.0250996649916249,"day_17783":1.0255619765494137,"day_17784":1.0251876046901172,"day_17785":1.0256913735343383,"day_17786":1.0253203517587939,"day_17787":1.0243396147403685,"day_17788":1.0244928810720269,"day_17789":1.0252659128978225,"day_17790":1.0262328308207704,"day_17791":1.0280707705192629,"day_17792":1.028646147403685,"day_17793":1.0277060301507537,"day_17794":1.0272918760469012,"day_17795":1.029104271356784,"day_17796":1.0299346733668342,"day_17797":1.0311189279731994,"last_performance":1.0324468174204355,"day_17798":1.0324468174204355,"history_ote":2388000,"history_days":30,"history_cnt":31,"last_day":17798,"avg_performance":1.027176473766683}