{"day_17987":1.0315422582826235,"day_17988":1.0308086544962813,"day_17989":1.0309844489519946,"day_17990":1.0307295469912103,"day_17991":1.0300202839756591,"day_17992":1.0303617308992563,"day_17993":1.0335997295469912,"day_17994":1.0347707910750508,"day_17995":1.0326031102096012,"day_17996":1.029423935091278,"day_17997":1.0276233941852604,"day_17998":1.0257275185936443,"day_17999":1.024945909398242,"day_18000":1.0247985125084516,"day_18001":1.0247227856659906,"day_18002":1.0304665314401622,"day_18003":1.032976335361731,"day_18004":1.0356511156186612,"day_18005":1.0351129141311697,"day_18006":1.035971602434077,"day_18007":1.0374279918864098,"day_18008":1.0380365111561867,"day_18009":1.0371643002028397,"day_18010":1.0372332657200811,"day_18011":1.0383793103448276,"day_18012":1.041655848546315,"day_18013":1.0444394861392834,"day_18014":1.0450892494929007,"day_18015":1.0456950642325895,"day_18016":1.041974983096687,"last_performance":1.0413536173089926,"day_18017":1.0413536173089926,"history_ote":1479000,"history_days":30,"history_cnt":31,"last_day":18017,"avg_performance":1.0342351850640146}