{"day_17969":1.0114928810720267,"day_17970":1.0119455611390284,"day_17971":1.012533500837521,"day_17972":1.0129388609715242,"day_17973":1.012814907872697,"day_17974":1.0130188442211054,"day_17975":1.0136256281407034,"day_17976":1.0114342546063653,"day_17977":1.011001256281407,"day_17978":1.0110808207705193,"day_17979":1.0095489949748744,"day_17980":1.0131126465661642,"day_17981":1.0134593802345058,"day_17982":1.014000837520938,"day_17983":1.0134798994974874,"day_17984":1.013214824120603,"day_17985":1.0121118090452261,"day_17986":1.0129702680067,"day_17987":1.0133534338358459,"day_17988":1.007001256281407,"day_17989":1.0058086264656616,"day_17990":1.006043132328308,"day_17991":1.0120799832495813,"day_17992":1.0180586264656617,"day_17993":1.018208123953099,"day_17994":1.0176193467336683,"day_17995":1.0167051926298158,"day_17996":1.0172261306532664,"day_17997":1.0173278894472362,"day_17998":1.0164937185929648,"last_performance":1.0171691792294808,"day_17999":1.0171691792294808,"history_ote":2388000,"history_days":30,"history_cnt":31,"last_day":17999,"avg_performance":1.0131251553466256}