{"day_18030":1.0451453684922245,"day_18031":1.0457038539553754,"day_18032":1.0453813387423936,"day_18033":1.044686274509804,"day_18034":1.042550371872887,"day_18035":1.0434144692359701,"day_18036":1.0476274509803922,"day_18037":1.0467498309668695,"day_18038":1.0450939824205545,"day_18039":1.0443008789722785,"day_18040":1.043368492224476,"day_18041":1.0470081135902638,"day_18042":1.0472197430696417,"day_18043":1.0475361730899255,"day_18044":1.0457538877620014,"day_18045":1.0473549695740365,"day_18046":1.047208248816768,"day_18047":1.0455625422582826,"day_18048":1.0468539553752536,"day_18049":1.0469411764705883,"day_18050":1.0449905341446923,"day_18051":1.0440344827586208,"day_18052":1.0422251521298174,"day_18053":1.0418066260987153,"day_18054":1.046210277214334,"day_18055":1.0455361730899255,"day_18056":1.0434638269100744,"day_18057":1.0406822177146722,"day_18058":1.035891818796484,"day_18059":1.0343455037187288,"last_performance":1.0342954699121027,"day_18060":1.0342954699121027,"history_ote":1479000,"history_days":30,"history_cnt":31,"last_day":18060,"avg_performance":1.0441594582215532}