{"day_17805":1.0384903685092128,"day_17806":1.0406867671691793,"day_17807":1.0400175879396985,"day_17808":1.0401210217755443,"day_17809":1.038507118927973,"day_17810":1.0384577051926298,"day_17811":1.0374895309882748,"day_17812":1.0376252093802345,"day_17813":1.0374660804020102,"day_17814":1.03788986599665,"day_17815":1.0374367671691793,"day_17816":1.0374798994974874,"day_17817":1.037818257956449,"day_17818":1.0381608040201005,"day_17819":1.0384694304857622,"day_17820":1.0375958961474037,"day_17821":1.037572864321608,"day_17822":1.037102177554439,"day_17823":1.0365607202680067,"day_17824":1.036997068676717,"day_17825":1.0384057788944723,"day_17826":1.0387328308207706,"day_17827":1.0374128978224455,"day_17828":1.038458961474037,"day_17829":1.0395406197654942,"day_17830":1.0385728643216081,"day_17831":1.0386892797319933,"day_17832":1.0380582077051925,"day_17833":1.037893216080402,"day_17834":1.038896566164154,"last_performance":1.0391591289782245,"day_17835":1.0391591289782245,"history_ote":2388000,"history_days":30,"history_cnt":31,"last_day":17835,"avg_performance":1.0382504998108824}