{"day_17950":0.9957951318458418,"day_17951":0.9926720757268425,"day_17952":0.9941541582150102,"day_17953":0.9938201487491548,"day_17954":0.9944171737660581,"day_17955":0.9944672075726843,"day_17956":0.9961176470588236,"day_17957":0.9972488167680865,"day_17958":1.00020892494929,"day_17959":1.0055280594996618,"day_17960":1.005104800540906,"day_17961":1.0076795131845842,"day_17962":1.0096768086544963,"day_17963":1.011763353617309,"day_17964":1.0120973630831642,"day_17965":1.013840432724814,"day_17966":1.0149053414469236,"day_17967":1.0145747126436782,"day_17968":1.0159046653144017,"day_17969":1.016686274509804,"day_17970":1.0167315753887762,"day_17971":1.0164726166328601,"day_17972":1.015107505070994,"day_17973":1.0235192697768762,"day_17974":1.0198498985801216,"day_17975":1.0201643002028398,"day_17976":1.0198816768086545,"day_17977":1.019287356321839,"day_17978":1.0190500338066262,"day_17979":1.0228248816768086,"last_performance":1.0246741041244083,"day_17980":1.0246741041244083,"history_ote":1479000,"history_days":30,"history_cnt":31,"last_day":17980,"avg_performance":1.0098137363955593}