{"day_18149":1.270048710601719,"day_18150":1.2694890162368673,"day_18151":1.268269340974212,"day_18152":1.2681470869149951,"day_18153":1.2687984718242598,"day_18154":1.2696714422158548,"day_18155":1.2698863419293218,"day_18156":1.2701509073543458,"day_18157":1.2696876790830947,"day_18158":1.269694364851958,"day_18159":1.2684918815663802,"day_18160":1.2701489971346704,"day_18161":1.2712273161413563,"day_18162":1.2712311365807067,"day_18163":1.2695214899713467,"day_18164":1.2684737344794652,"day_18165":1.26741929321872,"day_18166":1.2670324737344794,"day_18167":1.267204393505253,"day_18168":1.2695787965616046,"day_18169":1.2695730659025788,"day_18170":1.267660936007641,"day_18171":1.2634059216809934,"day_18172":1.2624985673352436,"day_18173":1.2606380133715378,"day_18174":1.2611174785100288,"day_18175":1.260699140401146,"day_18176":1.2594336198662845,"day_18177":1.2582913085004777,"day_18178":1.2591155682903534,"last_performance":1.260334288443171,"day_18179":1.260334288443171,"history_ote":1047000,"history_days":30,"history_cnt":31,"last_day":18179,"avg_performance":1.266675509135163}