{"day_17996":1.28418147086915,"day_17997":1.2853610315186246,"day_17998":1.2848710601719198,"day_17999":1.285360076408787,"day_18000":1.2858089780324737,"day_18001":1.286549188156638,"day_18002":1.2867726838586437,"day_18003":1.2857679083094555,"day_18004":1.2853314231136581,"day_18005":1.286862464183381,"day_18006":1.284021012416428,"day_18007":1.2814489016236867,"day_18008":1.2790744985673352,"day_18009":1.278691499522445,"day_18010":1.276844317096466,"day_18011":1.2744221585482332,"day_18012":1.275606494746896,"day_18013":1.2788643744030563,"day_18014":1.2797058261700096,"day_18015":1.2816275071633239,"day_18016":1.2801671442215854,"day_18017":1.2802979942693409,"day_18018":1.2763018147086915,"day_18019":1.2735023877745941,"day_18020":1.2747545367717288,"day_18021":1.2781719197707737,"day_18022":1.2814345749761222,"day_18023":1.2822521489971346,"day_18024":1.28096370582617,"day_18025":1.2816370582617,"last_performance":1.283556829035339,"day_18026":1.283556829035339,"history_ote":1047000,"history_days":30,"history_cnt":31,"last_day":18026,"avg_performance":1.2812971932094774}