{"day_17892":1.0256457286432161,"day_17893":1.0249355108877722,"day_17894":1.025574958123953,"day_17895":1.0252613065326632,"day_17896":1.0242340871021776,"day_17897":1.0240418760469012,"day_17898":1.0241038525963149,"day_17899":1.0240104690117253,"day_17900":1.0241968174204354,"day_17901":1.0231348408710217,"day_17902":1.0222085427135679,"day_17903":1.0234832495812396,"day_17904":1.0231532663316583,"day_17905":1.023066164154104,"day_17906":1.0226239530988275,"day_17907":1.0231185092127304,"day_17908":1.0228785594639866,"day_17909":1.0215020938023451,"day_17910":1.0218961474036852,"day_17911":1.022208123953099,"day_17912":1.0217269681742043,"day_17913":1.0206909547738694,"day_17914":1.019748324958124,"day_17915":1.0189175041876046,"day_17916":1.017212311557789,"day_17917":1.0173693467336684,"day_17918":1.0173182579564488,"day_17919":1.017535175879397,"day_17920":1.016862646566164,"day_17921":1.0167039363484087,"last_performance":1.0173471524288107,"day_17922":1.0173471524288107,"history_ote":2388000,"history_days":30,"history_cnt":31,"last_day":17922,"avg_performance":1.0217003431134164}