{"day_17885":1.0244091289782244,"day_17886":1.023818676716918,"day_17887":1.02214405360134,"day_17888":1.0229061976549414,"day_17889":1.023427135678392,"day_17890":1.0249463986599665,"day_17891":1.0245469011725292,"day_17892":1.0256457286432161,"day_17893":1.0249355108877722,"day_17894":1.025574958123953,"day_17895":1.0252613065326632,"day_17896":1.0242340871021776,"day_17897":1.0240418760469012,"day_17898":1.0241038525963149,"day_17899":1.0240104690117253,"day_17900":1.0241968174204354,"day_17901":1.0231348408710217,"day_17902":1.0222085427135679,"day_17903":1.0234832495812396,"day_17904":1.0231532663316583,"day_17905":1.023066164154104,"day_17906":1.0226239530988275,"day_17907":1.0231185092127304,"day_17908":1.0228785594639866,"day_17909":1.0215020938023451,"day_17910":1.0218961474036852,"day_17911":1.022208123953099,"day_17912":1.0217269681742043,"day_17913":1.0206909547738694,"day_17914":1.019748324958124,"last_performance":1.019281407035176,"day_17915":1.019281407035176,"history_ote":2388000,"history_days":30,"history_cnt":31,"last_day":17915,"avg_performance":1.0231911033662937}