{"day_17845":0.9840865449628127,"day_17846":0.9852481406355645,"day_17847":0.9844550371872887,"day_17848":0.9836984448951994,"day_17849":0.9832075726842461,"day_17850":0.9843617308992563,"day_17851":0.9842549019607844,"day_17852":0.9829979716024341,"day_17853":0.9903042596348884,"day_17854":0.9908965517241379,"day_17855":0.9889621365787694,"day_17856":0.9893218390804598,"day_17857":0.9895125084516565,"day_17858":0.9910561189993239,"day_17859":0.9902866801893171,"day_17860":0.9895098039215686,"day_17861":0.9896085192697769,"day_17862":0.9896085192697769,"day_17863":0.9911615956727519,"day_17864":0.9917782285327924,"day_17865":0.9910953346855984,"day_17866":0.9904597701149426,"day_17867":0.9927288708586883,"day_17868":0.9993394185260311,"day_17869":0.9990446247464503,"day_17870":0.9997545638945233,"day_17871":1.0001764705882352,"day_17872":0.9997552400270453,"day_17873":0.9995037187288709,"day_17874":0.99926369168357,"last_performance":1.0002001352265044,"day_17875":1.0002001352265044,"history_ote":1479000,"history_days":30,"history_cnt":31,"last_day":17875,"avg_performance":0.9911496433946214}