{"day_17940":1.2883667621776504,"day_17941":1.2896542502387776,"day_17942":1.2867831900668576,"day_17943":1.2824861509073544,"day_17944":1.2816819484240687,"day_17945":1.2822636103151863,"day_17946":1.2836513849092646,"day_17947":1.2833944603629417,"day_17948":1.2823629417383,"day_17949":1.2804231136580706,"day_17950":1.2798357211079274,"day_17951":1.2824240687679083,"day_17952":1.2830639923591214,"day_17953":1.283487106017192,"day_17954":1.2837831900668577,"day_17955":1.2838796561604584,"day_17956":1.2806809933142311,"day_17957":1.2817077363896847,"day_17958":1.2798720152817573,"day_17959":1.2795807067812799,"day_17960":1.2807526265520535,"day_17961":1.2808147086914996,"day_17962":1.282500477554919,"day_17963":1.2831852913085005,"day_17964":1.2857316141356256,"day_17965":1.2880582617000955,"day_17966":1.2879130850047755,"day_17967":1.2860162368672396,"day_17968":1.2844441260744985,"day_17969":1.2822110792741166,"last_performance":1.2846408787010506,"day_17970":1.2846408787010506,"history_ote":1047000,"history_days":30,"history_cnt":31,"last_day":17970,"avg_performance":1.2834081091906213}