{"day_17855":1.0356252093802345,"day_17856":1.0364543551088776,"day_17857":1.035715661641541,"day_17858":1.034926716917923,"day_17859":1.0346486599664992,"day_17860":1.0342629815745394,"day_17861":1.0334472361809046,"day_17862":1.032676298157454,"day_17863":1.031529313232831,"day_17864":1.029075795644891,"day_17865":1.0266926298157455,"day_17866":1.0267077051926299,"day_17867":1.026747487437186,"day_17868":1.0267805695142378,"day_17869":1.0268387772194305,"day_17870":1.0268978224455612,"day_17871":1.026929648241206,"day_17872":1.0284041038525964,"day_17873":1.0286989112227807,"day_17874":1.028425041876047,"day_17875":1.0274849246231155,"day_17876":1.0272952261306532,"day_17877":1.0264087102177555,"day_17878":1.0272303182579565,"day_17879":1.0270510887772195,"day_17880":1.0257533500837521,"day_17881":1.0251591289782245,"day_17882":1.025109715242881,"day_17883":1.0249149916247906,"day_17884":1.0256310720268007,"last_performance":1.0252918760469012,"day_17885":1.0252918760469012,"history_ote":2388000,"history_days":30,"history_cnt":31,"last_day":17885,"avg_performance":1.0289940427946183}