{"day_18018":1.0405219743069642,"day_18019":1.0404888438133875,"day_18020":1.0429033130493577,"day_18021":1.0443367139959432,"day_18022":1.0433779580797837,"day_18023":1.0427302231237323,"day_18024":1.0423002028397566,"day_18025":1.044181879648411,"day_18026":1.0463569979716025,"day_18027":1.048130493576741,"day_18028":1.0480405679513185,"day_18029":1.0487525354969573,"day_18030":1.0451453684922245,"day_18031":1.0457038539553754,"day_18032":1.0453813387423936,"day_18033":1.044686274509804,"day_18034":1.042550371872887,"day_18035":1.0434144692359701,"day_18036":1.0476274509803922,"day_18037":1.0467498309668695,"day_18038":1.0450939824205545,"day_18039":1.0443008789722785,"day_18040":1.043368492224476,"day_18041":1.0470081135902638,"day_18042":1.0472197430696417,"day_18043":1.0475361730899255,"day_18044":1.0457538877620014,"day_18045":1.0473549695740365,"day_18046":1.047208248816768,"day_18047":1.0455625422582826,"last_performance":1.046655848546315,"day_18048":1.046655848546315,"history_ote":1479000,"history_days":30,"history_cnt":31,"last_day":18048,"avg_performance":1.0451755981591748}