{"day_17772":0.9811311697092631,"day_17773":0.9816159567275186,"day_17774":0.9867275185936444,"day_17775":0.9852001352265044,"day_17776":0.9841534820824882,"day_17777":0.9849925625422583,"day_17778":0.9853955375253549,"day_17779":0.9878498985801217,"day_17780":0.987183908045977,"day_17781":0.9860277214334009,"day_17782":0.9853441514536849,"day_17783":0.9848634212305611,"day_17784":0.9850277214334009,"day_17785":0.984317782285328,"day_17786":0.9838492224475998,"day_17787":0.9856977687626775,"day_17788":0.9848262339418526,"day_17789":0.985526031102096,"day_17790":0.9893150777552401,"day_17791":0.9892156862745098,"day_17792":0.990184584178499,"day_17793":0.9898133874239351,"day_17794":0.9894043272481406,"day_17795":0.9886382691007437,"day_17796":0.9893752535496957,"day_17797":0.9889256254225828,"day_17798":0.9896227180527384,"day_17799":0.9863874239350913,"day_17800":0.9864509803921568,"day_17801":0.9885483434753212,"last_performance":0.9895733603786342,"day_17802":0.9895733603786342,"history_ote":1479000,"history_days":30,"history_cnt":31,"last_day":17802,"avg_performance":0.9866188793648718}