{"day_17993":1.018208123953099,"day_17994":1.0176193467336683,"day_17995":1.0167051926298158,"day_17996":1.0172261306532664,"day_17997":1.0173278894472362,"day_17998":1.0164937185929648,"day_17999":1.016461474036851,"day_18000":1.0158245393634842,"day_18001":1.0169024288107202,"day_18002":1.0180205192629816,"day_18003":1.0186708542713567,"day_18004":1.019713149078727,"day_18005":1.0206700167504188,"day_18006":1.0210129815745395,"day_18007":1.0217332495812395,"day_18008":1.0207064489112228,"day_18009":1.0221218592964825,"day_18010":1.0220971524288107,"day_18011":1.0233965661641542,"day_18012":1.0233278894472362,"day_18013":1.0231926298157454,"day_18014":1.0235577889447236,"day_18015":1.0194250418760469,"day_18016":1.019103433835846,"day_18017":1.01843216080402,"day_18018":1.0182797319933,"day_18019":1.017503768844221,"day_18020":1.0176930485762143,"day_18021":1.0197742881072027,"day_18022":1.0208153266331659,"last_performance":1.021820351758794,"day_18023":1.021820351758794,"history_ote":2388000,"history_days":30,"history_cnt":31,"last_day":18023,"avg_performance":1.0194786161992762}