{"day_17876":1.0272952261306532,"day_17877":1.0264087102177555,"day_17878":1.0272303182579565,"day_17879":1.0270510887772195,"day_17880":1.0257533500837521,"day_17881":1.0251591289782245,"day_17882":1.025109715242881,"day_17883":1.0249149916247906,"day_17884":1.0256310720268007,"day_17885":1.0244091289782244,"day_17886":1.023818676716918,"day_17887":1.02214405360134,"day_17888":1.0229061976549414,"day_17889":1.023427135678392,"day_17890":1.0249463986599665,"day_17891":1.0245469011725292,"day_17892":1.0256457286432161,"day_17893":1.0249355108877722,"day_17894":1.025574958123953,"day_17895":1.0252613065326632,"day_17896":1.0242340871021776,"day_17897":1.0240418760469012,"day_17898":1.0241038525963149,"day_17899":1.0240104690117253,"day_17900":1.0241968174204354,"day_17901":1.0231348408710217,"day_17902":1.0222085427135679,"day_17903":1.0234832495812396,"day_17904":1.0231532663316583,"day_17905":1.023066164154104,"last_performance":1.0228128140703519,"day_17906":1.0228128140703519,"history_ote":2388000,"history_days":30,"history_cnt":31,"last_day":17906,"avg_performance":1.0245359863835306}