{"day_17922":1.2894040114613181,"day_17923":1.2894383954154727,"day_17924":1.2918166189111748,"day_17925":1.2907688634192933,"day_17926":1.2920133715377269,"day_17927":1.2927831900668576,"day_17928":1.2932263610315187,"day_17929":1.29143553008596,"day_17930":1.2886150907354346,"day_17931":1.287759312320917,"day_17932":1.2860305635148042,"day_17933":1.2862788920725883,"day_17934":1.2865186246418339,"day_17935":1.2852521489971347,"day_17936":1.2873619866284622,"day_17937":1.286134670487106,"day_17938":1.28525405921681,"day_17939":1.2878309455587393,"day_17940":1.2883667621776504,"day_17941":1.2896542502387776,"day_17942":1.2867831900668576,"day_17943":1.2824861509073544,"day_17944":1.2816819484240687,"day_17945":1.2822636103151863,"day_17946":1.2836513849092646,"day_17947":1.2833944603629417,"day_17948":1.2823629417383,"day_17949":1.2804231136580706,"day_17950":1.2798357211079274,"day_17951":1.2824240687679083,"last_performance":1.2831509073543457,"day_17952":1.2831509073543457,"history_ote":1047000,"history_days":30,"history_cnt":31,"last_day":17952,"avg_performance":1.2865935853590906}