{"day_18019":1.2735023877745941,"day_18020":1.2747545367717288,"day_18021":1.2781719197707737,"day_18022":1.2814345749761222,"day_18023":1.2822521489971346,"day_18024":1.28096370582617,"day_18025":1.2816370582617,"day_18026":1.282738299904489,"day_18027":1.2851260744985673,"day_18028":1.2850792741165233,"day_18029":1.2864383954154728,"day_18030":1.286603629417383,"day_18031":1.2875319961795606,"day_18032":1.288284622731614,"day_18033":1.2868968481375358,"day_18034":1.2906313276026744,"day_18035":1.2914851957975166,"day_18036":1.2913820439350525,"day_18037":1.2917698185291309,"day_18038":1.2903218720152818,"day_18039":1.2895195797516714,"day_18040":1.2894364851957976,"day_18041":1.2881881566380133,"day_18042":1.2904126074498568,"day_18043":1.2938042024832856,"day_18044":1.2939675262655206,"day_18045":1.2945071633237821,"day_18046":1.2959398280802292,"day_18047":1.2964336198662847,"day_18048":1.298095510983763,"last_performance":1.2988748806112702,"day_18049":1.2988748806112702,"history_ote":1047000,"history_days":30,"history_cnt":31,"last_day":18049,"avg_performance":1.2879414610099513}