{"day_18185":1.2621298949379178,"day_18186":1.2613371537726839,"day_18187":1.260930276981853,"day_18188":1.26170964660936,"day_18189":1.2649875835721107,"day_18190":1.2679035339063993,"day_18191":1.2653170964660936,"day_18192":1.264004775549188,"day_18193":1.263246418338109,"day_18194":1.2651289398280803,"day_18195":1.2637134670487107,"day_18196":1.259909264565425,"day_18197":1.2574909264565426,"day_18198":1.2547889207258835,"day_18199":1.2516857688634193,"day_18200":1.2518185291308501,"day_18201":1.2537316141356256,"day_18202":1.252567335243553,"day_18203":1.2530945558739255,"day_18204":1.2490276981852912,"day_18205":1.248331423113658,"day_18206":1.2442502387774594,"day_18207":1.2424059216809933,"day_18208":1.2417545367717286,"day_18209":1.243328557784145,"day_18210":1.2436848137535816,"day_18211":1.244238777459408,"day_18212":1.242960840496657,"day_18213":1.241142311365807,"day_18214":1.2427220630372493,"last_performance":1.2436198662846227,"day_18215":1.2436198662846227,"history_ote":1047000,"history_days":30,"history_cnt":31,"last_day":18215,"avg_performance":1.253643959700527}