{"day_17904":1.0231532663316583,"day_17905":1.023066164154104,"day_17906":1.0226239530988275,"day_17907":1.0231185092127304,"day_17908":1.0228785594639866,"day_17909":1.0215020938023451,"day_17910":1.0218961474036852,"day_17911":1.022208123953099,"day_17912":1.0217269681742043,"day_17913":1.0206909547738694,"day_17914":1.019748324958124,"day_17915":1.0189175041876046,"day_17916":1.017212311557789,"day_17917":1.0173693467336684,"day_17918":1.0173182579564488,"day_17919":1.017535175879397,"day_17920":1.016862646566164,"day_17921":1.0167039363484087,"day_17922":1.017392797319933,"day_17923":1.0169845058626465,"day_17924":1.016286432160804,"day_17925":1.0157190117252932,"day_17926":1.016219849246231,"day_17927":1.016426298157454,"day_17928":1.0168312395309882,"day_17929":1.0172843383584589,"day_17930":1.0166013400335008,"day_17931":1.0152625628140703,"day_17932":1.0157026800670017,"day_17933":1.015393634840871,"last_performance":1.015073701842546,"day_17934":1.015073701842546,"history_ote":2388000,"history_days":30,"history_cnt":31,"last_day":17934,"avg_performance":1.0185713108553518}