{"day_17802":1.2417994269340975,"day_17803":1.2421604584527222,"day_17804":1.2448510028653295,"day_17805":1.2460792741165234,"day_17806":1.2475071633237822,"day_17807":1.2477793696275072,"day_17808":1.249134670487106,"day_17809":1.2496666666666667,"day_17810":1.2513276026743076,"day_17811":1.2526380133715378,"day_17812":1.2518280802292263,"day_17813":1.2529073543457498,"day_17814":1.2536026743075455,"day_17815":1.2535558739255015,"day_17816":1.25274594078319,"day_17817":1.2519885386819485,"day_17818":1.2519894937917861,"day_17819":1.2533400191021968,"day_17820":1.251971346704871,"day_17821":1.2536122254059217,"day_17822":1.2532196752626552,"day_17823":1.2555988538681948,"day_17824":1.2542731614135625,"day_17825":1.2508204393505253,"day_17826":1.2502540592168099,"day_17827":1.248769818529131,"day_17828":1.2479808978032474,"day_17829":1.2492063037249284,"day_17830":1.2501738299904488,"day_17831":1.2517134670487107,"last_performance":1.2508357211079275,"day_17832":1.2508357211079275,"history_ote":1047000,"history_days":30,"history_cnt":31,"last_day":17832,"avg_performance":1.250430045906892}