{"day_18084":1.060038944723618,"day_18085":1.060390703517588,"day_18086":1.0599828308207706,"day_18087":1.0601641541038527,"day_18088":1.059179229480737,"day_18089":1.0580163316582916,"day_18090":1.0581829983249582,"day_18091":1.0584417922948073,"day_18092":1.058072445561139,"day_18093":1.0577198492462312,"history_ote":2388000,"history_days":30,"history_cnt":10,"last_day":18114,"avg_performance":1.0590189279731994}