{"day_17807":1.2477793696275072,"day_17808":1.249134670487106,"day_17809":1.2496666666666667,"day_17810":1.2513276026743076,"day_17811":1.2526380133715378,"day_17812":1.2518280802292263,"day_17813":1.2529073543457498,"day_17814":1.2536026743075455,"day_17815":1.2535558739255015,"day_17816":1.25274594078319,"day_17817":1.2519885386819485,"day_17818":1.2519894937917861,"day_17819":1.2533400191021968,"day_17820":1.251971346704871,"day_17821":1.2536122254059217,"day_17822":1.2532196752626552,"day_17823":1.2555988538681948,"day_17824":1.2542731614135625,"day_17825":1.2508204393505253,"day_17826":1.2502540592168099,"day_17827":1.248769818529131,"day_17828":1.2479808978032474,"day_17829":1.2492063037249284,"day_17830":1.2501738299904488,"day_17831":1.2517134670487107,"day_17832":1.2504049665711556,"day_17833":1.2493553008595988,"day_17834":1.2500926456542503,"day_17835":1.2503629417383,"day_17836":1.249404011461318,"last_performance":1.2498127984718244,"day_17837":1.2498127984718244,"history_ote":1047000,"history_days":30,"history_cnt":31,"last_day":17837,"avg_performance":1.2512751948732166}