{"day_18196":1.0505936443542934,"day_18197":1.0485868830290737,"day_18198":1.0491920216362407,"day_18199":1.0490013522650439,"day_18200":1.0503739012846518,"day_18201":1.0496375929682218,"day_18202":1.047238674780257,"day_18203":1.0479357674104124,"day_18204":1.0521886409736307,"day_18205":1.0529235970250168,"day_18206":1.0533103448275862,"day_18207":1.053971602434077,"day_18208":1.0522183908045977,"day_18209":1.0506098715348209,"day_18210":1.0505361730899256,"day_18211":1.0502697768762677,"day_18212":1.0513299526707234,"day_18213":1.0515848546315079,"day_18214":1.0522718052738336,"day_18215":1.0515713319810682,"day_18216":1.0513583502366464,"day_18217":1.0507768762677485,"day_18218":1.0438005409060176,"day_18219":1.0447011494252874,"day_18220":1.048105476673428,"day_18221":1.0474827586206896,"day_18222":1.0489567275185936,"day_18223":1.047158891142664,"day_18224":1.0485415821501014,"day_18225":1.0482555780933063,"last_performance":1.0476673427991887,"day_18226":1.0476673427991887,"history_ote":1479000,"history_days":30,"history_cnt":31,"last_day":18226,"avg_performance":1.04974682108661}