{"day_17976":1.2783648519579751,"day_17977":1.2803877745940784,"day_17978":1.2804851957975167,"day_17979":1.2814527220630372,"day_17980":1.2846876790830946,"day_17981":1.2853724928366763,"day_17982":1.2857707736389685,"day_17983":1.2859904489016236,"day_17984":1.2871279847182426,"day_17985":1.2868567335243553,"day_17986":1.2870420248328558,"day_17987":1.2886790830945558,"day_17988":1.2879980897803247,"day_17989":1.2870114613180517,"day_17990":1.2874708691499523,"day_17991":1.2879083094555874,"day_17992":1.288021012416428,"day_17993":1.2891652340019102,"day_17994":1.2883849092645654,"day_17995":1.2869226361031518,"day_17996":1.28418147086915,"day_17997":1.2853610315186246,"day_17998":1.2848710601719198,"day_17999":1.285360076408787,"day_18000":1.2858089780324737,"day_18001":1.286549188156638,"day_18002":1.2867726838586437,"day_18003":1.2857679083094555,"day_18004":1.2853314231136581,"day_18005":1.286862464183381,"last_performance":1.2850047755491882,"day_18006":1.2850047755491882,"history_ote":1047000,"history_days":30,"history_cnt":31,"last_day":18006,"avg_performance":1.2857087531195122}