{"day_17988":1.2879980897803247,"day_17989":1.2870114613180517,"day_17990":1.2874708691499523,"day_17991":1.2879083094555874,"day_17992":1.288021012416428,"day_17993":1.2891652340019102,"day_17994":1.2883849092645654,"day_17995":1.2869226361031518,"day_17996":1.28418147086915,"day_17997":1.2853610315186246,"day_17998":1.2848710601719198,"day_17999":1.285360076408787,"day_18000":1.2858089780324737,"day_18001":1.286549188156638,"day_18002":1.2867726838586437,"day_18003":1.2857679083094555,"day_18004":1.2853314231136581,"day_18005":1.286862464183381,"day_18006":1.284021012416428,"day_18007":1.2814489016236867,"day_18008":1.2790744985673352,"day_18009":1.278691499522445,"day_18010":1.276844317096466,"day_18011":1.2744221585482332,"day_18012":1.275606494746896,"day_18013":1.2788643744030563,"day_18014":1.2797058261700096,"day_18015":1.2816275071633239,"day_18016":1.2801671442215854,"day_18017":1.2802979942693409,"last_performance":1.2767822349570201,"day_18018":1.2767822349570201,"history_ote":1047000,"history_days":30,"history_cnt":31,"last_day":18018,"avg_performance":1.2834613796715653}