{"day_18137":1.0472907369844489,"day_18138":1.0468742393509127,"day_18139":1.0416402974983097,"day_18140":1.043869506423259,"day_18141":1.0444401622718054,"day_18142":1.0440608519269776,"day_18143":1.0435970250169033,"day_18144":1.0407329276538202,"day_18145":1.0428424611223799,"day_18146":1.044548343475321,"day_18147":1.046998647734956,"day_18148":1.047079783637593,"day_18149":1.04631845841785,"day_18150":1.0445395537525355,"day_18151":1.0454989858012171,"day_18152":1.0442244759972954,"day_18153":1.0457417173766057,"day_18154":1.046231913455037,"day_18155":1.0463245436105477,"day_18156":1.0483657876943882,"day_18157":1.0480906017579446,"day_18158":1.0478302907369845,"day_18159":1.0487728194726167,"day_18160":1.0481940500338067,"day_18161":1.0469628127112913,"day_18162":1.0492569303583503,"day_18163":1.0473847194050034,"day_18164":1.047396889790399,"day_18165":1.0470466531440161,"day_18166":1.0450108181203517,"last_performance":1.0444685598377281,"day_18167":1.0444685598377281,"history_ote":1479000,"history_days":30,"history_cnt":31,"last_day":18167,"avg_performance":1.0458592117603438}