{"day_18184":1.0477450980392158,"day_18185":1.0473400946585532,"day_18186":1.0495415821501015,"day_18187":1.0487227856659906,"day_18188":1.0496788370520622,"day_18189":1.0504847870182557,"day_18190":1.0517728194726166,"day_18191":1.0480162271805273,"day_18192":1.0475212981744422,"day_18193":1.0481521298174443,"day_18194":1.046977011494253,"day_18195":1.0494029749830966,"day_18196":1.0505936443542934,"day_18197":1.0485868830290737,"day_18198":1.0491920216362407,"day_18199":1.0490013522650439,"day_18200":1.0503739012846518,"day_18201":1.0496375929682218,"day_18202":1.047238674780257,"day_18203":1.0479357674104124,"day_18204":1.0521886409736307,"day_18205":1.0529235970250168,"day_18206":1.0533103448275862,"day_18207":1.053971602434077,"day_18208":1.0522183908045977,"day_18209":1.0506098715348209,"day_18210":1.0505361730899256,"day_18211":1.0502697768762677,"day_18212":1.0513299526707234,"day_18213":1.0515848546315079,"last_performance":1.0522488167680866,"day_18214":1.0522488167680866,"history_ote":1479000,"history_days":30,"history_cnt":31,"last_day":18214,"avg_performance":1.0499712098409997}