{"day_17924":1.016286432160804,"day_17925":1.0157190117252932,"day_17926":1.016219849246231,"day_17927":1.016426298157454,"day_17928":1.0168312395309882,"day_17929":1.0172843383584589,"day_17930":1.0166013400335008,"day_17931":1.0152625628140703,"day_17932":1.0157026800670017,"day_17933":1.015393634840871,"day_17934":1.0157550251256282,"day_17935":1.0156134840871023,"day_17936":1.0146637353433836,"day_17937":1.0148375209380234,"day_17938":1.0151411222780569,"day_17939":1.014895728643216,"day_17940":1.0161955611390285,"day_17941":1.0155410385259631,"day_17942":1.0147332495812396,"day_17943":1.01525418760469,"day_17944":1.0147026800670016,"day_17945":1.0137977386934673,"day_17946":1.0140770519262983,"day_17947":1.0148425460636517,"day_17948":1.013679229480737,"day_17949":1.0124928810720268,"day_17950":1.0123546901172529,"day_17951":1.0123475711892798,"day_17952":1.013897822445561,"day_17953":1.0134384422110552,"last_performance":1.0128718592964825,"day_17954":1.0128718592964825,"history_ote":2388000,"history_days":30,"history_cnt":31,"last_day":17954,"avg_performance":1.0149309855730262}