{"day_17753":0.9870574712643678,"day_17754":0.9877931034482759,"day_17755":0.98479107505071,"day_17756":0.9839580797836376,"day_17757":0.9815956727518593,"day_17758":0.9806626098715349,"day_17759":0.98173630831643,"day_17760":0.9822312373225152,"day_17761":0.9822995267072346,"day_17762":0.9839181879648411,"day_17763":0.9856375929682217,"day_17764":0.9844489519945909,"day_17765":0.9865679513184584,"day_17766":0.987317106152806,"day_17767":0.9868566599053414,"day_17768":0.9843522650439486,"day_17769":0.979079783637593,"day_17770":0.9792697768762677,"day_17771":0.9799134550371873,"day_17772":0.9811311697092631,"day_17773":0.9816159567275186,"day_17774":0.9867275185936444,"day_17775":0.9852001352265044,"day_17776":0.9841534820824882,"day_17777":0.9849925625422583,"day_17778":0.9853955375253549,"day_17779":0.9878498985801217,"day_17780":0.987183908045977,"day_17781":0.9860277214334009,"day_17782":0.9853441514536849,"last_performance":0.9848634212305611,"day_17783":0.9848634212305611,"history_ote":1479000,"history_days":30,"history_cnt":31,"last_day":17783,"avg_performance":0.9841926541473099}