{"day_18279":1.0488620689655173,"day_18280":1.0491108857336038,"day_18281":1.0506774847870182,"day_18282":1.0452751859364435,"day_18283":1.046392156862745,"day_18284":1.0461636240703178,"day_18285":1.0482278566599053,"day_18286":1.047079107505071,"day_18287":1.0452001352265043,"day_18288":1.0461561866125761,"day_18289":1.0464077079107506,"day_18290":1.047420554428668,"day_18291":1.0461379310344827,"day_18292":1.0470804597701149,"day_18293":1.048530087897228,"day_18294":1.052183231913455,"day_18295":1.0507254901960785,"day_18296":1.0484022988505748,"day_18297":1.0479641649763354,"day_18298":1.0471818796484111,"day_18299":1.050787018255578,"day_18300":1.0528918187964842,"day_18301":1.0552163624070319,"day_18302":1.0598356997971603,"day_18303":1.0592765382014875,"day_18304":1.0604969574036511,"day_18305":1.0614063556457065,"day_18306":1.0623881000676132,"day_18307":1.0598309668695065,"day_18308":1.059367816091954,"last_performance":1.0589425287356322,"day_18309":1.0589425287356322,"history_ote":1479000,"history_days":30,"history_cnt":31,"last_day":18309,"avg_performance":1.0514715697179873}