{"day_18031":1.2875319961795606,"day_18032":1.288284622731614,"day_18033":1.2868968481375358,"day_18034":1.2906313276026744,"day_18035":1.2914851957975166,"day_18036":1.2913820439350525,"day_18037":1.2917698185291309,"day_18038":1.2903218720152818,"day_18039":1.2895195797516714,"day_18040":1.2894364851957976,"day_18041":1.2881881566380133,"day_18042":1.2904126074498568,"day_18043":1.2938042024832856,"day_18044":1.2939675262655206,"day_18045":1.2945071633237821,"day_18046":1.2959398280802292,"day_18047":1.2964336198662847,"day_18048":1.298095510983763,"day_18049":1.2993352435530086,"day_18050":1.301,"day_18051":1.3019398280802292,"day_18052":1.304614135625597,"day_18053":1.3052320916905444,"day_18054":1.3055711556829035,"day_18055":1.3059207258834766,"day_18056":1.303940783190067,"day_18057":1.303233046800382,"day_18058":1.3028061127029609,"day_18059":1.303992359121299,"day_18060":1.305155682903534,"last_performance":1.306225405921681,"day_18061":1.306225405921681,"history_ote":1047000,"history_days":30,"history_cnt":31,"last_day":18061,"avg_performance":1.296695966971685}