{"day_17937":0.9932062204192021,"day_17938":0.9930716700473293,"day_17939":0.9927694388100068,"day_17940":0.9923732251521298,"day_17941":0.9908505747126437,"day_17942":0.9929229208924949,"day_17943":0.9945706558485463,"day_17944":0.9949939148073023,"day_17945":0.9937133198106829,"day_17946":0.9935740365111562,"day_17947":0.9934638269100744,"day_17948":0.9959959432048682,"day_17949":0.9967741717376606,"day_17950":0.9957951318458418,"day_17951":0.9926720757268425,"day_17952":0.9941541582150102,"day_17953":0.9938201487491548,"day_17954":0.9944171737660581,"day_17955":0.9944672075726843,"day_17956":0.9961176470588236,"day_17957":0.9972488167680865,"day_17958":1.00020892494929,"day_17959":1.0055280594996618,"day_17960":1.005104800540906,"day_17961":1.0076795131845842,"day_17962":1.0096768086544963,"day_17963":1.011763353617309,"day_17964":1.0120973630831642,"day_17965":1.013840432724814,"day_17966":1.0149053414469236,"last_performance":1.0145747126436782,"day_17967":1.0145747126436782,"history_ote":1479000,"history_days":30,"history_cnt":31,"last_day":17967,"avg_performance":0.9991081157713362}