{"day_18146":1.044548343475321,"day_18147":1.046998647734956,"day_18148":1.047079783637593,"day_18149":1.04631845841785,"day_18150":1.0445395537525355,"day_18151":1.0454989858012171,"day_18152":1.0442244759972954,"day_18153":1.0457417173766057,"day_18154":1.046231913455037,"day_18155":1.0463245436105477,"day_18156":1.0483657876943882,"day_18157":1.0480906017579446,"day_18158":1.0478302907369845,"day_18159":1.0487728194726167,"day_18160":1.0481940500338067,"day_18161":1.0469628127112913,"day_18162":1.0492569303583503,"day_18163":1.0473847194050034,"day_18164":1.047396889790399,"day_18165":1.0470466531440161,"day_18166":1.0450108181203517,"day_18167":1.0443576741041245,"day_18168":1.0441203515889115,"day_18169":1.0485334685598378,"day_18170":1.0480628803245435,"day_18171":1.0482501690331305,"day_18172":1.047369168356998,"day_18173":1.0445997295469913,"day_18174":1.049076402974983,"day_18175":1.0489607843137254,"last_performance":1.048289384719405,"day_18176":1.048289384719405,"history_ote":1479000,"history_days":30,"history_cnt":31,"last_day":18176,"avg_performance":1.046885122903444}