{"day_17950":1.2798357211079274,"day_17951":1.2824240687679083,"day_17952":1.2830639923591214,"day_17953":1.283487106017192,"day_17954":1.2837831900668577,"day_17955":1.2838796561604584,"day_17956":1.2806809933142311,"day_17957":1.2817077363896847,"day_17958":1.2798720152817573,"day_17959":1.2795807067812799,"day_17960":1.2807526265520535,"day_17961":1.2808147086914996,"day_17962":1.282500477554919,"day_17963":1.2831852913085005,"day_17964":1.2857316141356256,"day_17965":1.2880582617000955,"day_17966":1.2879130850047755,"day_17967":1.2860162368672396,"day_17968":1.2844441260744985,"day_17969":1.2822110792741166,"day_17970":1.283517669531996,"day_17971":1.2824231136580706,"day_17972":1.2820429799426933,"day_17973":1.282137535816619,"day_17974":1.2835978987583572,"day_17975":1.281297994269341,"day_17976":1.2783648519579751,"day_17977":1.2803877745940784,"day_17978":1.2804851957975167,"day_17979":1.2814527220630372,"last_performance":1.2844097421203438,"day_17980":1.2844097421203438,"history_ote":1047000,"history_days":30,"history_cnt":31,"last_day":17980,"avg_performance":1.2825825861909599}