{"day_18113":1.036102096010818,"day_18114":1.0347944557133197,"day_18115":1.0360486815415821,"day_18116":1.0369006085192698,"day_18117":1.0379898580121705,"day_18118":1.0402183908045977,"day_18119":1.0395436105476674,"day_18120":1.0403630831643003,"day_18121":1.041420554428668,"day_18122":1.0427329276538202,"day_18123":1.0442521974306964,"day_18124":1.04368154158215,"day_18125":1.04499661933739,"day_18126":1.0468897903989183,"day_18127":1.0472508451656524,"day_18128":1.0493116970926302,"day_18129":1.0497478025693037,"day_18130":1.0477430696416499,"day_18131":1.045841108857336,"day_18132":1.0463637592968222,"day_18133":1.0483211629479379,"day_18134":1.0494827586206896,"day_18135":1.0495841784989859,"day_18136":1.048499661933739,"day_18137":1.0472907369844489,"day_18138":1.0468742393509127,"day_18139":1.0416402974983097,"day_18140":1.043869506423259,"day_18141":1.0444401622718054,"day_18142":1.0440608519269776,"last_performance":1.0437194050033807,"day_18143":1.0437194050033807,"history_ote":1479000,"history_days":30,"history_cnt":31,"last_day":18143,"avg_performance":1.0438701825557812}