{"day_17820":1.0375958961474037,"day_17821":1.037572864321608,"day_17822":1.037102177554439,"day_17823":1.0365607202680067,"day_17824":1.036997068676717,"day_17825":1.0384057788944723,"day_17826":1.0387328308207706,"day_17827":1.0374128978224455,"day_17828":1.038458961474037,"day_17829":1.0395406197654942,"day_17830":1.0385728643216081,"day_17831":1.0386892797319933,"day_17832":1.0380582077051925,"day_17833":1.037893216080402,"day_17834":1.038896566164154,"day_17835":1.0397998324958124,"day_17836":1.0407621440536012,"day_17837":1.0398358458961474,"day_17838":1.0403505025125628,"day_17839":1.038820351758794,"day_17840":1.0382734505862647,"day_17841":1.0381612227805694,"day_17842":1.0380958961474036,"day_17843":1.0381943048576214,"day_17844":1.037780569514238,"day_17845":1.0380456448911224,"day_17846":1.0380242881072026,"day_17847":1.0386105527638192,"day_17848":1.038641122278057,"day_17849":1.0384845058626466,"last_performance":1.0374949748743718,"day_17850":1.0374949748743718,"history_ote":2388000,"history_days":30,"history_cnt":31,"last_day":17850,"avg_performance":1.0383827470686768}