{"day_18106":1.2894937917860554,"day_18107":1.2888997134670488,"day_18108":1.2882913085004775,"day_18109":1.2871232091690545,"day_18110":1.288624641833811,"day_18111":1.2890926456542502,"day_18112":1.2889942693409742,"day_18113":1.2881537726838586,"day_18114":1.2867822349570202,"day_18115":1.2864594078319007,"day_18116":1.2856418338108881,"day_18117":1.2848022922636104,"day_18118":1.2842731614135625,"day_18119":1.2829961795606495,"day_18120":1.2835969436485195,"day_18121":1.2828118433619866,"day_18122":1.2825692454632283,"day_18123":1.2818490926456543,"day_18124":1.280552053486151,"day_18125":1.2812168099331422,"day_18126":1.2819589302769818,"day_18127":1.2810821394460363,"day_18128":1.2804412607449858,"day_18129":1.2785186246418339,"day_18130":1.280210124164279,"day_18131":1.279761222540592,"day_18132":1.2794393505253103,"day_18133":1.2791470869149952,"day_18134":1.2783753581661892,"day_18135":1.2794106972301815,"last_performance":1.2791919770773639,"day_18136":1.2791919770773639,"history_ote":1047000,"history_days":30,"history_cnt":31,"last_day":18136,"avg_performance":1.2835406845980837}