{"day_17778":1.0237793132328308,"day_17779":1.0250812395309883,"day_17780":1.023959798994975,"day_17781":1.0241256281407036,"day_17782":1.0250996649916249,"day_17783":1.0255619765494137,"day_17784":1.0251876046901172,"day_17785":1.0256913735343383,"day_17786":1.0253203517587939,"day_17787":1.0243396147403685,"day_17788":1.0244928810720269,"day_17789":1.0252659128978225,"day_17790":1.0262328308207704,"day_17791":1.0280707705192629,"day_17792":1.028646147403685,"day_17793":1.0277060301507537,"day_17794":1.0272918760469012,"day_17795":1.029104271356784,"day_17796":1.0299346733668342,"day_17797":1.0311189279731994,"day_17798":1.0332051926298158,"day_17799":1.0338199329983249,"day_17800":1.0345125628140703,"day_17801":1.0352613065326632,"day_17802":1.0357365996649917,"day_17803":1.0373417085427135,"day_17804":1.0379736180904522,"day_17805":1.0384903685092128,"day_17806":1.0406867671691793,"day_17807":1.0400175879396985,"last_performance":1.0408354271356783,"day_17808":1.0408354271356783,"history_ote":2388000,"history_days":30,"history_cnt":31,"last_day":17808,"avg_performance":1.0301255470902901}