{"day_17965":1.2880582617000955,"day_17966":1.2879130850047755,"day_17967":1.2860162368672396,"day_17968":1.2844441260744985,"day_17969":1.2822110792741166,"day_17970":1.283517669531996,"day_17971":1.2824231136580706,"day_17972":1.2820429799426933,"day_17973":1.282137535816619,"day_17974":1.2835978987583572,"day_17975":1.281297994269341,"day_17976":1.2783648519579751,"day_17977":1.2803877745940784,"day_17978":1.2804851957975167,"day_17979":1.2814527220630372,"day_17980":1.2846876790830946,"day_17981":1.2853724928366763,"day_17982":1.2857707736389685,"day_17983":1.2859904489016236,"day_17984":1.2871279847182426,"day_17985":1.2868567335243553,"day_17986":1.2870420248328558,"day_17987":1.2886790830945558,"day_17988":1.2879980897803247,"day_17989":1.2870114613180517,"day_17990":1.2874708691499523,"day_17991":1.2879083094555874,"day_17992":1.288021012416428,"day_17993":1.2891652340019102,"day_17994":1.2883849092645654,"last_performance":1.2882855778414517,"day_17995":1.2882855778414517,"history_ote":1047000,"history_days":30,"history_cnt":31,"last_day":17995,"avg_performance":1.2851652648119052}