{"day_18089":1.309002865329513,"day_18090":1.309054441260745,"day_18091":1.3091050620821394,"day_18092":1.30607258834766,"day_18093":1.3027965616045845,"day_18094":1.3014164278892073,"day_18095":1.2979904489016236,"day_18096":1.2953696275071633,"day_18097":1.2932597898758358,"day_18098":1.291484240687679,"day_18099":1.2902244508118434,"day_18100":1.2892263610315187,"day_18101":1.286886341929322,"day_18102":1.2868414517669533,"day_18103":1.2889025787965616,"day_18104":1.2882301814708692,"day_18105":1.2885902578796562,"day_18106":1.2894937917860554,"day_18107":1.2888997134670488,"day_18108":1.2882913085004775,"day_18109":1.2871232091690545,"day_18110":1.288624641833811,"day_18111":1.2890926456542502,"day_18112":1.2889942693409742,"day_18113":1.2881537726838586,"day_18114":1.2867822349570202,"day_18115":1.2864594078319007,"day_18116":1.2856418338108881,"day_18117":1.2848022922636104,"day_18118":1.2842731614135625,"last_performance":1.2838357211079274,"day_18119":1.2838357211079274,"history_ote":1047000,"history_days":30,"history_cnt":31,"last_day":18119,"avg_performance":1.2920942477739776}