{"day_18047":1.2964336198662847,"day_18048":1.298095510983763,"day_18049":1.2993352435530086,"day_18050":1.301,"day_18051":1.3019398280802292,"day_18052":1.304614135625597,"day_18053":1.3052320916905444,"day_18054":1.3055711556829035,"day_18055":1.3059207258834766,"day_18056":1.303940783190067,"day_18057":1.303233046800382,"day_18058":1.3028061127029609,"day_18059":1.303992359121299,"day_18060":1.305155682903534,"day_18061":1.3062387774594078,"day_18062":1.3067163323782236,"day_18063":1.3071308500477554,"day_18064":1.306189111747851,"day_18065":1.3066609360076409,"day_18066":1.3068787010506209,"day_18067":1.3064422158548232,"day_18068":1.3080553963705825,"day_18069":1.3093266475644698,"day_18070":1.3101251193887298,"day_18071":1.3087325692454632,"day_18072":1.3069130850047757,"day_18073":1.3044450811843362,"day_18074":1.3030085959885387,"day_18075":1.3043256924546323,"day_18076":1.3032674307545369,"last_performance":1.303590257879656,"day_18077":1.303590257879656,"history_ote":1047000,"history_days":30,"history_cnt":31,"last_day":18077,"avg_performance":1.3046876482730998}