{"day_17977":1.011001256281407,"day_17978":1.0110808207705193,"day_17979":1.0095489949748744,"day_17980":1.0131126465661642,"day_17981":1.0134593802345058,"day_17982":1.014000837520938,"day_17983":1.0134798994974874,"day_17984":1.013214824120603,"day_17985":1.0121118090452261,"day_17986":1.0129702680067,"day_17987":1.0133534338358459,"day_17988":1.007001256281407,"day_17989":1.0058086264656616,"day_17990":1.006043132328308,"day_17991":1.0120799832495813,"day_17992":1.0180586264656617,"day_17993":1.018208123953099,"day_17994":1.0176193467336683,"day_17995":1.0167051926298158,"day_17996":1.0172261306532664,"day_17997":1.0173278894472362,"day_17998":1.0164937185929648,"day_17999":1.016461474036851,"day_18000":1.0158245393634842,"day_18001":1.0169024288107202,"day_18002":1.0180205192629816,"day_18003":1.0186708542713567,"day_18004":1.019713149078727,"day_18005":1.0206700167504188,"day_18006":1.0210129815745395,"last_performance":1.0217332495812395,"day_18007":1.0217332495812395,"history_ote":2388000,"history_days":30,"history_cnt":31,"last_day":18007,"avg_performance":1.0148037229156537}