{"day_18052":1.0422251521298174,"day_18053":1.0418066260987153,"day_18054":1.046210277214334,"day_18055":1.0455361730899255,"day_18056":1.0434638269100744,"day_18057":1.0406822177146722,"day_18058":1.035891818796484,"day_18059":1.0343455037187288,"day_18060":1.0342467883705206,"day_18061":1.0344415145368493,"day_18062":1.034868154158215,"day_18063":1.0353691683569979,"day_18064":1.0352758620689655,"day_18065":1.0350162271805274,"day_18066":1.036080459770115,"day_18067":1.0366017579445572,"day_18068":1.0382704530087896,"day_18069":1.0387782285327924,"day_18070":1.0385943204868153,"day_18071":1.0383630831643003,"day_18072":1.037970250169033,"day_18073":1.037654496281271,"day_18074":1.0388526031102097,"day_18075":1.0395199459093982,"day_18076":1.039393509127789,"day_18077":1.0381338742393509,"day_18078":1.0380723461798513,"day_18079":1.034707234617985,"day_18080":1.033631507775524,"day_18081":1.0324509803921569,"last_performance":1.0322467883705206,"day_18082":1.0322467883705206,"history_ote":1479000,"history_days":30,"history_cnt":31,"last_day":18082,"avg_performance":1.037700037078235}