{"day_18062":1.034868154158215,"day_18063":1.0353691683569979,"day_18064":1.0352758620689655,"day_18065":1.0350162271805274,"day_18066":1.036080459770115,"day_18067":1.0366017579445572,"day_18068":1.0382704530087896,"day_18069":1.0387782285327924,"day_18070":1.0385943204868153,"day_18071":1.0383630831643003,"day_18072":1.037970250169033,"day_18073":1.037654496281271,"day_18074":1.0388526031102097,"day_18075":1.0395199459093982,"day_18076":1.039393509127789,"day_18077":1.0381338742393509,"day_18078":1.0380723461798513,"day_18079":1.034707234617985,"day_18080":1.033631507775524,"day_18081":1.0324509803921569,"day_18082":1.0320162271805273,"day_18083":1.031234617985125,"day_18084":1.0310486815415822,"day_18085":1.0309783637592969,"day_18086":1.0306166328600406,"day_18087":1.0294983096686952,"day_18088":1.029733603786342,"day_18089":1.029576064908722,"day_18090":1.0306632860040568,"day_18091":1.0327261663286005,"last_performance":1.0345584854631509,"day_18092":1.0345584854631509,"history_ote":1479000,"history_days":30,"history_cnt":31,"last_day":18092,"avg_performance":1.0348469323213154}