{"day_18258":1.045105476673428,"day_18259":1.044946585530764,"day_18260":1.0439885057471265,"day_18261":1.0437883705206221,"day_18262":1.0465361730899256,"day_18263":1.0462298850574712,"day_18264":1.0473881000676133,"day_18265":1.04773292765382,"day_18266":1.0489114266396213,"day_18267":1.0505307640297499,"day_18268":1.049655172413793,"day_18269":1.04883908045977,"day_18270":1.0470432724814063,"day_18271":1.0480155510480054,"day_18272":1.0478498985801217,"day_18273":1.047576741041244,"day_18274":1.0461757944557133,"day_18275":1.0462792427315755,"day_18276":1.048576741041244,"day_18277":1.0465875591615956,"day_18278":1.048818120351589,"day_18279":1.0488620689655173,"day_18280":1.0491108857336038,"day_18281":1.0506774847870182,"day_18282":1.0452751859364435,"day_18283":1.046392156862745,"day_18284":1.0461636240703178,"day_18285":1.0482278566599053,"day_18286":1.047079107505071,"day_18287":1.0452001352265043,"last_performance":1.0463468559837728,"day_18288":1.0463468559837728,"history_ote":1479000,"history_days":30,"history_cnt":31,"last_day":18288,"avg_performance":1.0472229274357128}