{"day_18126":1.2819589302769818,"day_18127":1.2810821394460363,"day_18128":1.2804412607449858,"day_18129":1.2785186246418339,"day_18130":1.280210124164279,"day_18131":1.279761222540592,"day_18132":1.2794393505253103,"day_18133":1.2791470869149952,"day_18134":1.2783753581661892,"day_18135":1.2794106972301815,"day_18136":1.2784746895893027,"day_18137":1.2785272206303724,"day_18138":1.2786714422158547,"day_18139":1.2775272206303725,"day_18140":1.277360076408787,"day_18141":1.2774469914040114,"day_18142":1.273520534861509,"day_18143":1.2727039159503344,"day_18144":1.2725998089780324,"day_18145":1.2739426934097422,"day_18146":1.2739493791786056,"day_18147":1.2747631327602675,"day_18148":1.2718118433619867,"day_18149":1.270048710601719,"day_18150":1.2694890162368673,"day_18151":1.268269340974212,"day_18152":1.2681470869149951,"day_18153":1.2687984718242598,"day_18154":1.2696714422158548,"day_18155":1.2698863419293218,"last_performance":1.2697000955109838,"day_18156":1.2697000955109838,"history_ote":1047000,"history_days":30,"history_cnt":31,"last_day":18156,"avg_performance":1.2752791693625414}