{"day_18209":1.0506098715348209,"day_18210":1.0505361730899256,"day_18211":1.0502697768762677,"day_18212":1.0513299526707234,"day_18213":1.0515848546315079,"day_18214":1.0522718052738336,"day_18215":1.0515713319810682,"day_18216":1.0513583502366464,"day_18217":1.0507768762677485,"day_18218":1.0438005409060176,"day_18219":1.0447011494252874,"day_18220":1.048105476673428,"day_18221":1.0474827586206896,"day_18222":1.0489567275185936,"day_18223":1.047158891142664,"day_18224":1.0485415821501014,"day_18225":1.0482555780933063,"day_18226":1.0460459770114943,"day_18227":1.0472521974306963,"day_18228":1.0455564570655849,"day_18229":1.0452014874915483,"day_18230":1.0434672075726843,"day_18231":1.0454929006085192,"day_18232":1.0437052062204193,"day_18233":1.037075050709939,"day_18234":1.0353766058147398,"day_18235":1.0353752535496958,"day_18236":1.0355868830290738,"day_18237":1.0366957403651116,"day_18238":1.0401913455037188,"last_performance":1.0430081135902638,"day_18239":1.0430081135902638,"history_ote":1479000,"history_days":30,"history_cnt":31,"last_day":18239,"avg_performance":1.0457207136469717}