{"day_18061":1.3062387774594078,"day_18062":1.3067163323782236,"day_18063":1.3071308500477554,"day_18064":1.306189111747851,"day_18065":1.3066609360076409,"day_18066":1.3068787010506209,"day_18067":1.3064422158548232,"day_18068":1.3080553963705825,"day_18069":1.3093266475644698,"day_18070":1.3101251193887298,"day_18071":1.3087325692454632,"day_18072":1.3069130850047757,"day_18073":1.3044450811843362,"day_18074":1.3030085959885387,"day_18075":1.3043256924546323,"day_18076":1.3032674307545369,"day_18077":1.3041031518624642,"day_18078":1.303582617000955,"day_18079":1.3017287488061127,"day_18080":1.301261700095511,"day_18081":1.2981690544412607,"day_18082":1.2995195797516714,"day_18083":1.3019360076408788,"day_18084":1.2996189111747851,"day_18085":1.3028930276981854,"day_18086":1.3059770773638968,"day_18087":1.308914040114613,"day_18088":1.3089646609360077,"day_18089":1.309002865329513,"day_18090":1.309054441260745,"last_performance":1.3090840496657115,"day_18091":1.3090840496657115,"history_ote":1047000,"history_days":30,"history_cnt":31,"last_day":18091,"avg_performance":1.3054279508272484}