{"day_17930":1.2886150907354346,"day_17931":1.287759312320917,"day_17932":1.2860305635148042,"day_17933":1.2862788920725883,"day_17934":1.2865186246418339,"day_17935":1.2852521489971347,"day_17936":1.2873619866284622,"day_17937":1.286134670487106,"day_17938":1.28525405921681,"day_17939":1.2878309455587393,"day_17940":1.2883667621776504,"day_17941":1.2896542502387776,"day_17942":1.2867831900668576,"day_17943":1.2824861509073544,"day_17944":1.2816819484240687,"day_17945":1.2822636103151863,"day_17946":1.2836513849092646,"day_17947":1.2833944603629417,"day_17948":1.2823629417383,"day_17949":1.2804231136580706,"day_17950":1.2798357211079274,"day_17951":1.2824240687679083,"day_17952":1.2830639923591214,"day_17953":1.283487106017192,"day_17954":1.2837831900668577,"day_17955":1.2838796561604584,"day_17956":1.2806809933142311,"day_17957":1.2817077363896847,"day_17958":1.2798720152817573,"day_17959":1.2795807067812799,"last_performance":1.280287488061127,"day_17960":1.280287488061127,"history_ote":1047000,"history_days":30,"history_cnt":31,"last_day":17960,"avg_performance":1.2840873155251566}