{"day_18092":1.058072445561139,"day_18093":1.0577198492462312,"history_ote":2388000,"history_days":30,"history_cnt":2,"last_day":18122,"avg_performance":1.0578961474036852}