{"day_18076":1.0633969849246232,"day_18077":1.0636536850921272,"day_18078":1.0633948911222781,"day_18079":1.062074120603015,"day_18080":1.0615234505862647,"day_18081":1.059603852596315,"day_18082":1.0593655778894473,"day_18083":1.059075795644891,"day_18084":1.060038944723618,"day_18085":1.060390703517588,"day_18086":1.0599828308207706,"day_18087":1.0601641541038527,"day_18088":1.059179229480737,"day_18089":1.0580163316582916,"day_18090":1.0581829983249582,"day_18091":1.0584417922948073,"day_18092":1.058072445561139,"day_18093":1.0577198492462312,"history_ote":2388000,"history_days":30,"history_cnt":18,"last_day":18106,"avg_performance":1.0601265354550529}