{"day_17941":1.0155410385259631,"day_17942":1.0147332495812396,"day_17943":1.01525418760469,"day_17944":1.0147026800670016,"day_17945":1.0137977386934673,"day_17946":1.0140770519262983,"day_17947":1.0148425460636517,"day_17948":1.013679229480737,"day_17949":1.0124928810720268,"day_17950":1.0123546901172529,"day_17951":1.0123475711892798,"day_17952":1.013897822445561,"day_17953":1.0134384422110552,"day_17954":1.012958123953099,"day_17955":1.012539782244556,"day_17956":1.0122793132328307,"day_17957":1.0135020938023451,"day_17958":1.0134966499162479,"day_17959":1.0138739530988274,"day_17960":1.013818257956449,"day_17961":1.0146829983249581,"day_17962":1.01339405360134,"day_17963":1.012243718592965,"day_17964":1.0119966499162478,"day_17965":1.011257118927973,"day_17966":1.011500837520938,"day_17967":1.0109258793969849,"day_17968":1.0118308207705193,"day_17969":1.0114928810720267,"day_17970":1.0119455611390284,"last_performance":1.0126193467336684,"day_17971":1.0126193467336684,"history_ote":2388000,"history_days":30,"history_cnt":31,"last_day":17971,"avg_performance":1.0131457151348138}