{"day_17857":1.2729723018147088,"day_17858":1.2735826170009552,"day_17859":1.272021012416428,"day_17860":1.272461318051576,"day_17861":1.2716361031518624,"day_17862":1.2734651384909264,"day_17863":1.2749875835721107,"day_17864":1.2754412607449856,"day_17865":1.2742120343839543,"day_17866":1.2742750716332378,"day_17867":1.2736666666666667,"day_17868":1.2758490926456543,"day_17869":1.2758127984718242,"day_17870":1.275632282712512,"day_17871":1.2753868194842406,"day_17872":1.2751614135625597,"day_17873":1.2745644699140402,"day_17874":1.274984718242598,"day_17875":1.2769063992359122,"day_17876":1.2741365807067813,"day_17877":1.2743973256924546,"day_17878":1.2725253104106973,"day_17879":1.2729914040114614,"day_17880":1.2728385864374403,"day_17881":1.2745472779369627,"day_17882":1.2785138490926458,"day_17883":1.2807908309455587,"day_17884":1.2803935052531041,"day_17885":1.2805864374403055,"day_17886":1.2813467048710603,"last_performance":1.280774594078319,"day_17887":1.280774594078319,"history_ote":1047000,"history_days":30,"history_cnt":31,"last_day":17887,"avg_performance":1.2753826293249528}