{"day_18128":1.0493116970926302,"day_18129":1.0497478025693037,"day_18130":1.0477430696416499,"day_18131":1.045841108857336,"day_18132":1.0463637592968222,"day_18133":1.0483211629479379,"day_18134":1.0494827586206896,"day_18135":1.0495841784989859,"day_18136":1.048499661933739,"day_18137":1.0472907369844489,"day_18138":1.0468742393509127,"day_18139":1.0416402974983097,"day_18140":1.043869506423259,"day_18141":1.0444401622718054,"day_18142":1.0440608519269776,"day_18143":1.0435970250169033,"day_18144":1.0407329276538202,"day_18145":1.0428424611223799,"day_18146":1.044548343475321,"day_18147":1.046998647734956,"day_18148":1.047079783637593,"day_18149":1.04631845841785,"day_18150":1.0445395537525355,"day_18151":1.0454989858012171,"day_18152":1.0442244759972954,"day_18153":1.0457417173766057,"day_18154":1.046231913455037,"day_18155":1.0463245436105477,"day_18156":1.0483657876943882,"day_18157":1.0480906017579446,"last_performance":1.0480121703853955,"day_18158":1.0480121703853955,"history_ote":1479000,"history_days":30,"history_cnt":31,"last_day":18158,"avg_performance":1.0462005932517613}