{"day_18091":1.0584417922948073,"day_18092":1.058072445561139,"day_18093":1.0577198492462312,"history_ote":2388000,"history_days":30,"history_cnt":3,"last_day":18121,"avg_performance":1.058078029034059}