{"day_18244":1.2444775549188156,"day_18245":1.2487144221585482,"day_18246":1.249090735434575,"day_18247":1.2448720152817574,"day_18248":1.2415224450811844,"day_18249":1.2406370582617001,"day_18250":1.2412168099331422,"day_18251":1.2407106017191978,"day_18252":1.2415873925501433,"day_18253":1.2425119388729704,"day_18254":1.2416380133715377,"day_18255":1.2423457497612225,"day_18256":1.2450401146131804,"day_18257":1.2451614135625597,"day_18258":1.245275071633238,"day_18259":1.2453915950334289,"day_18260":1.2425606494746897,"day_18261":1.2370821394460363,"day_18262":1.2331948424068768,"day_18263":1.229538681948424,"day_18264":1.2291652340019101,"day_18265":1.2313553008595988,"day_18266":1.233494746895893,"day_18267":1.2336800382043935,"day_18268":1.233447946513849,"day_18269":1.2341021967526264,"day_18270":1.2329398280802293,"day_18271":1.2327363896848138,"day_18272":1.2337688634192931,"day_18273":1.237284622731614,"last_performance":1.2371079274116523,"day_18274":1.2371079274116523,"history_ote":1047000,"history_days":30,"history_cnt":31,"last_day":18274,"avg_performance":1.2390855593554546}