{"day_17796":1.0299346733668342,"day_17797":1.0311189279731994,"day_17798":1.0332051926298158,"day_17799":1.0338199329983249,"day_17800":1.0345125628140703,"day_17801":1.0352613065326632,"day_17802":1.0357365996649917,"day_17803":1.0373417085427135,"day_17804":1.0379736180904522,"day_17805":1.0384903685092128,"day_17806":1.0406867671691793,"day_17807":1.0400175879396985,"day_17808":1.0401210217755443,"day_17809":1.038507118927973,"day_17810":1.0384577051926298,"day_17811":1.0374895309882748,"day_17812":1.0376252093802345,"day_17813":1.0374660804020102,"day_17814":1.03788986599665,"day_17815":1.0374367671691793,"day_17816":1.0374798994974874,"day_17817":1.037818257956449,"day_17818":1.0381608040201005,"day_17819":1.0384694304857622,"day_17820":1.0375958961474037,"day_17821":1.037572864321608,"day_17822":1.037102177554439,"day_17823":1.0365607202680067,"day_17824":1.036997068676717,"day_17825":1.0384057788944723,"last_performance":1.0385238693467336,"day_17826":1.0385238693467336,"history_ote":2388000,"history_days":30,"history_cnt":31,"last_day":17826,"avg_performance":1.0370251391365428}