{"day_17921":0.9931899932386747,"day_17922":0.9945902636916836,"day_17923":0.9944327248140635,"day_17924":0.9942217714672076,"day_17925":0.9922846517917512,"day_17926":0.9935794455713319,"day_17927":0.9923698444895199,"day_17928":0.9920162271805274,"day_17929":0.993158215010142,"day_17930":0.9921372549019608,"day_17931":0.993581473968898,"day_17932":0.9949107505070994,"day_17933":0.9953089925625422,"day_17934":0.9942136578769439,"day_17935":0.9934050033806626,"day_17936":0.9916903313049358,"day_17937":0.9932062204192021,"day_17938":0.9930716700473293,"day_17939":0.9927694388100068,"day_17940":0.9923732251521298,"day_17941":0.9908505747126437,"day_17942":0.9929229208924949,"day_17943":0.9945706558485463,"day_17944":0.9949939148073023,"day_17945":0.9937133198106829,"day_17946":0.9935740365111562,"day_17947":0.9934638269100744,"day_17948":0.9959959432048682,"day_17949":0.9967741717376606,"day_17950":0.9957951318458418,"last_performance":0.9958471940500339,"day_17951":0.9958471940500339,"history_ote":1479000,"history_days":30,"history_cnt":31,"last_day":17951,"avg_performance":0.9937100918231585}