{"day_18037":1.2917698185291309,"day_18038":1.2903218720152818,"day_18039":1.2895195797516714,"day_18040":1.2894364851957976,"day_18041":1.2881881566380133,"day_18042":1.2904126074498568,"day_18043":1.2938042024832856,"day_18044":1.2939675262655206,"day_18045":1.2945071633237821,"day_18046":1.2959398280802292,"day_18047":1.2964336198662847,"day_18048":1.298095510983763,"day_18049":1.2993352435530086,"day_18050":1.301,"day_18051":1.3019398280802292,"day_18052":1.304614135625597,"day_18053":1.3052320916905444,"day_18054":1.3055711556829035,"day_18055":1.3059207258834766,"day_18056":1.303940783190067,"day_18057":1.303233046800382,"day_18058":1.3028061127029609,"day_18059":1.303992359121299,"day_18060":1.305155682903534,"day_18061":1.3062387774594078,"day_18062":1.3067163323782236,"day_18063":1.3071308500477554,"day_18064":1.306189111747851,"day_18065":1.3066609360076409,"day_18066":1.3068787010506209,"last_performance":1.3069923591212989,"day_18067":1.3069923591212989,"history_ote":1047000,"history_days":30,"history_cnt":31,"last_day":18067,"avg_performance":1.300062729149336}