{"day_18254":1.2416380133715377,"day_18255":1.2423457497612225,"day_18256":1.2450401146131804,"day_18257":1.2451614135625597,"day_18258":1.245275071633238,"day_18259":1.2453915950334289,"day_18260":1.2425606494746897,"day_18261":1.2370821394460363,"day_18262":1.2331948424068768,"day_18263":1.229538681948424,"day_18264":1.2291652340019101,"day_18265":1.2313553008595988,"day_18266":1.233494746895893,"day_18267":1.2336800382043935,"day_18268":1.233447946513849,"day_18269":1.2341021967526264,"day_18270":1.2329398280802293,"day_18271":1.2327363896848138,"day_18272":1.2337688634192931,"day_18273":1.237284622731614,"day_18274":1.2385367717287488,"day_18275":1.23885482330468,"day_18276":1.2380811843361987,"day_18277":1.2383553008595989,"day_18278":1.2379751671442216,"day_18279":1.2363323782234956,"day_18280":1.2397440305635148,"day_18281":1.2391661891117478,"day_18282":1.2364441260744985,"day_18283":1.2404737344794652,"last_performance":1.2432655205348615,"day_18284":1.2432655205348615,"history_ote":1047000,"history_days":30,"history_cnt":31,"last_day":18284,"avg_performance":1.2376268601534337}