{"day_18232":1.2417583572110793,"day_18233":1.240549188156638,"day_18234":1.2393954154727793,"day_18235":1.240479465138491,"day_18236":1.2405940783190066,"day_18237":1.2400878701050622,"day_18238":1.2428595988538682,"day_18239":1.2436294173829991,"day_18240":1.243204393505253,"day_18241":1.24356446991404,"day_18242":1.2422817574021012,"day_18243":1.241883476599809,"day_18244":1.2444775549188156,"day_18245":1.2487144221585482,"day_18246":1.249090735434575,"day_18247":1.2448720152817574,"day_18248":1.2415224450811844,"day_18249":1.2406370582617001,"day_18250":1.2412168099331422,"day_18251":1.2407106017191978,"day_18252":1.2415873925501433,"day_18253":1.2425119388729704,"day_18254":1.2416380133715377,"day_18255":1.2423457497612225,"day_18256":1.2450401146131804,"day_18257":1.2451614135625597,"day_18258":1.245275071633238,"day_18259":1.2453915950334289,"day_18260":1.2425606494746897,"day_18261":1.2370821394460363,"last_performance":1.2334603629417382,"day_18262":1.2334603629417382,"history_ote":1047000,"history_days":30,"history_cnt":31,"last_day":18262,"avg_performance":1.2423736636164775}