{"day_18051":1.032968174204355,"day_18052":1.034575795644891,"day_18053":1.0365808207705192,"day_18054":1.038174623115578,"day_18055":1.0401712730318258,"day_18056":1.0419518425460637,"day_18057":1.0449128978224456,"day_18058":1.0459840871021775,"day_18059":1.0484216917922948,"day_18060":1.0499149916247905,"day_18061":1.0518132328308207,"day_18062":1.0530586264656616,"day_18063":1.0554430485762145,"day_18064":1.0575992462311559,"day_18065":1.059395309882747,"day_18066":1.0605510887772194,"day_18067":1.0622994137353434,"day_18068":1.0625577889447235,"day_18069":1.062138609715243,"day_18070":1.0630251256281407,"day_18071":1.0635201005025126,"day_18072":1.0633182579564489,"day_18073":1.0643111390284756,"day_18074":1.0643961474036852,"day_18075":1.0640615577889447,"day_18076":1.0633969849246232,"day_18077":1.0636536850921272,"day_18078":1.0633948911222781,"day_18079":1.062074120603015,"day_18080":1.0615234505862647,"last_performance":1.060285594639866,"day_18081":1.060285594639866,"history_ote":2388000,"history_days":30,"history_cnt":31,"last_day":18081,"avg_performance":1.0546926973577566}