{"day_18179":1.2596255969436485,"day_18180":1.2578462273161413,"day_18181":1.2591805157593123,"day_18182":1.262598853868195,"day_18183":1.2615195797516714,"day_18184":1.2607086914995225,"day_18185":1.2621298949379178,"day_18186":1.2613371537726839,"day_18187":1.260930276981853,"day_18188":1.26170964660936,"day_18189":1.2649875835721107,"day_18190":1.2679035339063993,"day_18191":1.2653170964660936,"day_18192":1.264004775549188,"day_18193":1.263246418338109,"day_18194":1.2651289398280803,"day_18195":1.2637134670487107,"day_18196":1.259909264565425,"day_18197":1.2574909264565426,"day_18198":1.2547889207258835,"day_18199":1.2516857688634193,"day_18200":1.2518185291308501,"day_18201":1.2537316141356256,"day_18202":1.252567335243553,"day_18203":1.2530945558739255,"day_18204":1.2490276981852912,"day_18205":1.248331423113658,"day_18206":1.2442502387774594,"day_18207":1.2424059216809933,"day_18208":1.2417545367717286,"last_performance":1.2415042979942694,"day_18209":1.2415042979942694,"history_ote":1047000,"history_days":30,"history_cnt":31,"last_day":18209,"avg_performance":1.2569112672150846}