{"day_18262":1.2331948424068768,"day_18263":1.229538681948424,"day_18264":1.2291652340019101,"day_18265":1.2313553008595988,"day_18266":1.233494746895893,"day_18267":1.2336800382043935,"day_18268":1.233447946513849,"day_18269":1.2341021967526264,"day_18270":1.2329398280802293,"day_18271":1.2327363896848138,"day_18272":1.2337688634192931,"day_18273":1.237284622731614,"day_18274":1.2385367717287488,"day_18275":1.23885482330468,"day_18276":1.2380811843361987,"day_18277":1.2383553008595989,"day_18278":1.2379751671442216,"day_18279":1.2363323782234956,"day_18280":1.2397440305635148,"day_18281":1.2391661891117478,"day_18282":1.2364441260744985,"day_18283":1.2404737344794652,"day_18284":1.2420964660936007,"day_18285":1.2408949379178607,"day_18286":1.2411404011461318,"day_18287":1.2445797516714423,"day_18288":1.2453629417382999,"day_18289":1.2438414517669532,"day_18290":1.2430964660936008,"day_18291":1.240264565425024,"last_performance":1.240406876790831,"day_18292":1.240406876790831,"history_ote":1047000,"history_days":30,"history_cnt":31,"last_day":18292,"avg_performance":1.2374308469667563}