{"day_17881":0.9945098039215686,"day_17882":0.9942332657200811,"day_17883":0.9966693711967546,"day_17884":0.9968810006761325,"day_17885":0.9970561189993239,"day_17886":0.9947085868830291,"day_17887":0.9927998647734956,"day_17888":0.9930087897227856,"day_17889":0.9923258958755916,"day_17890":0.9928613928329952,"day_17891":0.9930696416497633,"day_17892":0.99294523326572,"day_17893":0.9924137931034482,"day_17894":0.9909851250845165,"day_17895":0.9920385395537525,"day_17896":0.9918776200135226,"day_17897":0.9912068965517241,"day_17898":0.9915895875591616,"day_17899":0.9918877620013523,"day_17900":0.990895199459094,"day_17901":0.9924361054766734,"day_17902":0.9931974306964165,"day_17903":0.9945233265720081,"day_17904":0.993711967545639,"day_17905":0.9946991210277214,"day_17906":0.9937058823529412,"day_17907":0.99279107505071,"day_17908":0.9928181203515889,"day_17909":0.9944266396213658,"day_17910":0.9947565922920892,"last_performance":0.994369168356998,"day_17911":0.994369168356998,"history_ote":1479000,"history_days":30,"history_cnt":31,"last_day":17911,"avg_performance":0.9933999651028376}