{"day_17869":1.2758127984718242,"day_17870":1.275632282712512,"day_17871":1.2753868194842406,"day_17872":1.2751614135625597,"day_17873":1.2745644699140402,"day_17874":1.274984718242598,"day_17875":1.2769063992359122,"day_17876":1.2741365807067813,"day_17877":1.2743973256924546,"day_17878":1.2725253104106973,"day_17879":1.2729914040114614,"day_17880":1.2728385864374403,"day_17881":1.2745472779369627,"day_17882":1.2785138490926458,"day_17883":1.2807908309455587,"day_17884":1.2803935052531041,"day_17885":1.2805864374403055,"day_17886":1.2813467048710603,"day_17887":1.28107258834766,"day_17888":1.2822349570200573,"day_17889":1.2825950334288443,"day_17890":1.2836695319961795,"day_17891":1.2814307545367718,"day_17892":1.2785978987583573,"day_17893":1.274919770773639,"day_17894":1.2705396370582618,"day_17895":1.2733352435530085,"day_17896":1.2787698185291307,"day_17897":1.2827287488061128,"day_17898":1.2860668576886343,"last_performance":1.286378223495702,"day_17899":1.286378223495702,"history_ote":1047000,"history_days":30,"history_cnt":31,"last_day":17899,"avg_performance":1.2778663154327263}