{"day_18021":1.0197742881072027,"day_18022":1.0208153266331659,"day_18023":1.0216474036850922,"day_18024":1.0231172529313233,"day_18025":1.0226369346733668,"day_18026":1.022071189279732,"day_18027":1.0217416247906197,"day_18028":1.0218697654941373,"day_18029":1.0225569514237856,"day_18030":1.0210276381909549,"day_18031":1.02306783919598,"day_18032":1.0217562814070351,"day_18033":1.0212659128978225,"day_18034":1.022074120603015,"day_18035":1.0240686767169178,"day_18036":1.0249597989949748,"day_18037":1.0238835845896148,"day_18038":1.0252567001675041,"day_18039":1.0245087939698492,"day_18040":1.0240301507537688,"day_18041":1.0235515075376884,"day_18042":1.0242621440536013,"day_18043":1.0252269681742043,"day_18044":1.0245552763819095,"day_18045":1.0250054438860972,"day_18046":1.0249891122278056,"day_18047":1.0269258793969849,"day_18048":1.0281176716917924,"day_18049":1.0296859296482412,"day_18050":1.0315209380234507,"last_performance":1.032359296482412,"day_18051":1.032359296482412,"history_ote":2388000,"history_days":30,"history_cnt":31,"last_day":18051,"avg_performance":1.0241396903874211}