{"day_17896":1.2787698185291307,"day_17897":1.2827287488061128,"day_17898":1.2860668576886343,"day_17899":1.2868376313276026,"day_17900":1.2848968481375358,"day_17901":1.284119388729704,"day_17902":1.2852521489971347,"day_17903":1.2838595988538681,"day_17904":1.281989493791786,"day_17905":1.281487106017192,"day_17906":1.281650429799427,"day_17907":1.2812492836676217,"day_17908":1.280577841451767,"day_17909":1.2817411652340018,"day_17910":1.2801222540592168,"day_17911":1.2787325692454632,"day_17912":1.2782024832855778,"day_17913":1.278930276981853,"day_17914":1.2808758357211079,"day_17915":1.2822129894937917,"day_17916":1.2842970391595034,"day_17917":1.287606494746896,"day_17918":1.2856895893027698,"day_17919":1.284937917860554,"day_17920":1.2862311365807069,"day_17921":1.2877478510028653,"day_17922":1.2894040114613181,"day_17923":1.2894383954154727,"day_17924":1.2918166189111748,"day_17925":1.2907688634192933,"last_performance":1.2919646609360076,"day_17926":1.2919646609360076,"history_ote":1047000,"history_days":30,"history_cnt":31,"last_day":17926,"avg_performance":1.2842001725359709}