{"day_18088":1.059179229480737,"day_18089":1.0580163316582916,"day_18090":1.0581829983249582,"day_18091":1.0584417922948073,"day_18092":1.058072445561139,"day_18093":1.0577198492462312,"history_ote":2388000,"history_days":30,"history_cnt":6,"last_day":18118,"avg_performance":1.0582687744276942}