{"day_17833":1.037893216080402,"day_17834":1.038896566164154,"day_17835":1.0397998324958124,"day_17836":1.0407621440536012,"day_17837":1.0398358458961474,"day_17838":1.0403505025125628,"day_17839":1.038820351758794,"day_17840":1.0382734505862647,"day_17841":1.0381612227805694,"day_17842":1.0380958961474036,"day_17843":1.0381943048576214,"day_17844":1.037780569514238,"day_17845":1.0380456448911224,"day_17846":1.0380242881072026,"day_17847":1.0386105527638192,"day_17848":1.038641122278057,"day_17849":1.0384845058626466,"day_17850":1.037608040201005,"day_17851":1.038428810720268,"day_17852":1.0377768006700168,"day_17853":1.036710217755444,"day_17854":1.0360795644891123,"day_17855":1.0356252093802345,"day_17856":1.0364543551088776,"day_17857":1.035715661641541,"day_17858":1.034926716917923,"day_17859":1.0346486599664992,"day_17860":1.0342629815745394,"day_17861":1.0334472361809046,"day_17862":1.032676298157454,"last_performance":1.0323425460636515,"day_17863":1.0323425460636515,"history_ote":2388000,"history_days":30,"history_cnt":31,"last_day":17863,"avg_performance":1.0372701005025127}