{"day_17823":0.9818735632183908,"day_17824":0.9832041920216362,"day_17825":0.9844935767410412,"day_17826":0.9878674780256931,"day_17827":0.9894056795131846,"day_17828":0.9882670723461798,"day_17829":0.9863840432724814,"day_17830":0.9847775524002704,"day_17831":0.9810135226504395,"day_17832":0.9818640973630831,"day_17833":0.9815280594996619,"day_17834":0.9816274509803922,"day_17835":0.9816193373901284,"day_17836":0.9832853279242731,"day_17837":0.9867586206896551,"day_17838":0.9852319134550371,"day_17839":0.9855936443542934,"day_17840":0.9849878296146045,"day_17841":0.9836693711967546,"day_17842":0.9838546315077755,"day_17843":0.9836200135226505,"day_17844":0.9842278566599053,"day_17845":0.9840865449628127,"day_17846":0.9852481406355645,"day_17847":0.9844550371872887,"day_17848":0.9836984448951994,"day_17849":0.9832075726842461,"day_17850":0.9843617308992563,"day_17851":0.9842549019607844,"day_17852":0.9829979716024341,"last_performance":0.9880953346855984,"day_17853":0.9880953346855984,"history_ote":1479000,"history_days":30,"history_cnt":31,"last_day":17853,"avg_performance":0.9843729198019586}