{"day_18287":1.2445797516714423,"day_18288":1.2453629417382999,"day_18289":1.2438414517669532,"day_18290":1.2430964660936008,"day_18291":1.240264565425024,"day_18292":1.2422655205348616,"day_18293":1.2446857688634192,"day_18294":1.2527497612225407,"day_18295":1.2582636103151863,"day_18296":1.258813753581662,"day_18297":1.2606236867239733,"day_18298":1.260836676217765,"day_18299":1.2616055396370582,"day_18300":1.2645768863419293,"day_18301":1.263748806112703,"day_18302":1.2646351480420248,"day_18303":1.2636781279847182,"day_18304":1.2596332378223496,"day_18305":1.257233046800382,"day_18306":1.2541595033428845,"day_18307":1.2569933142311365,"day_18308":1.2600038204393504,"day_18309":1.2597879656160458,"day_18310":1.2599780324737344,"day_18311":1.2590267430754536,"day_18312":1.2588720152817574,"day_18313":1.258632282712512,"day_18314":1.2620916905444126,"day_18315":1.2644021012416429,"day_18316":1.2617163323782234,"last_performance":1.260414517669532,"day_18317":1.260414517669532,"history_ote":1047000,"history_days":30,"history_cnt":31,"last_day":18317,"avg_performance":1.2563410666420185}