{"day_18013":1.2788643744030563,"day_18014":1.2797058261700096,"day_18015":1.2816275071633239,"day_18016":1.2801671442215854,"day_18017":1.2802979942693409,"day_18018":1.2763018147086915,"day_18019":1.2735023877745941,"day_18020":1.2747545367717288,"day_18021":1.2781719197707737,"day_18022":1.2814345749761222,"day_18023":1.2822521489971346,"day_18024":1.28096370582617,"day_18025":1.2816370582617,"day_18026":1.282738299904489,"day_18027":1.2851260744985673,"day_18028":1.2850792741165233,"day_18029":1.2864383954154728,"day_18030":1.286603629417383,"day_18031":1.2875319961795606,"day_18032":1.288284622731614,"day_18033":1.2868968481375358,"day_18034":1.2906313276026744,"day_18035":1.2914851957975166,"day_18036":1.2913820439350525,"day_18037":1.2917698185291309,"day_18038":1.2903218720152818,"day_18039":1.2895195797516714,"day_18040":1.2894364851957976,"day_18041":1.2881881566380133,"day_18042":1.2904126074498568,"last_performance":1.2932349570200572,"day_18043":1.2932349570200572,"history_ote":1047000,"history_days":30,"history_cnt":31,"last_day":18043,"avg_performance":1.2846697476661428}