{"day_17963":1.011763353617309,"day_17964":1.0120973630831642,"day_17965":1.013840432724814,"day_17966":1.0149053414469236,"day_17967":1.0145747126436782,"day_17968":1.0159046653144017,"day_17969":1.016686274509804,"day_17970":1.0167315753887762,"day_17971":1.0164726166328601,"day_17972":1.015107505070994,"day_17973":1.0235192697768762,"day_17974":1.0198498985801216,"day_17975":1.0201643002028398,"day_17976":1.0198816768086545,"day_17977":1.019287356321839,"day_17978":1.0190500338066262,"day_17979":1.0228248816768086,"day_17980":1.0250114942528736,"day_17981":1.0248891142663963,"day_17982":1.0287748478701826,"day_17983":1.0271656524678836,"day_17984":1.029158215010142,"day_17985":1.028235970250169,"day_17986":1.030240703177823,"day_17987":1.0315422582826235,"day_17988":1.0308086544962813,"day_17989":1.0309844489519946,"day_17990":1.0307295469912103,"day_17991":1.0300202839756591,"day_17992":1.0303617308992563,"last_performance":1.0330317782285328,"day_17993":1.0330317782285328,"history_ote":1479000,"history_days":30,"history_cnt":31,"last_day":17993,"avg_performance":1.022697288926694}