{"day_18215":1.2439914040114612,"day_18216":1.2458634192932188,"day_18217":1.2472139446036294,"day_18218":1.246535816618911,"day_18219":1.2444240687679082,"day_18220":1.2413361986628462,"day_18221":1.239341929321872,"day_18222":1.2386313276026744,"day_18223":1.2400878701050622,"day_18224":1.241549188156638,"day_18225":1.2419293218720153,"day_18226":1.2404976122254059,"day_18227":1.2371146131805157,"day_18228":1.2360248328557784,"day_18229":1.234676217765043,"day_18230":1.2365931232091691,"day_18231":1.2410897803247374,"day_18232":1.2417583572110793,"day_18233":1.240549188156638,"day_18234":1.2393954154727793,"day_18235":1.240479465138491,"day_18236":1.2405940783190066,"day_18237":1.2400878701050622,"day_18238":1.2428595988538682,"day_18239":1.2436294173829991,"day_18240":1.243204393505253,"day_18241":1.24356446991404,"day_18242":1.2422817574021012,"day_18243":1.241883476599809,"day_18244":1.2444775549188156,"last_performance":1.2483476599808978,"day_18245":1.2483476599808978,"history_ote":1047000,"history_days":30,"history_cnt":31,"last_day":18245,"avg_performance":1.2416133345657334}