{"day_17788":1.2313533906399237,"day_17789":1.2326418338108882,"day_17790":1.2328968481375358,"day_17791":1.233087870105062,"day_17792":1.232898758357211,"day_17793":1.2332368672397325,"day_17794":1.2322893982808023,"day_17795":1.2338156638013371,"day_17796":1.2368615090735435,"day_17797":1.2392559694364853,"day_17798":1.2421881566380133,"day_17799":1.2413772683858644,"day_17800":1.2411518624641833,"day_17801":1.2410515759312322,"day_17802":1.2417994269340975,"day_17803":1.2421604584527222,"day_17804":1.2448510028653295,"day_17805":1.2460792741165234,"day_17806":1.2475071633237822,"day_17807":1.2477793696275072,"day_17808":1.249134670487106,"day_17809":1.2496666666666667,"day_17810":1.2513276026743076,"day_17811":1.2526380133715378,"day_17812":1.2518280802292263,"day_17813":1.2529073543457498,"day_17814":1.2536026743075455,"day_17815":1.2535558739255015,"day_17816":1.25274594078319,"day_17817":1.2519885386819485,"last_performance":1.2525902578796562,"day_17818":1.2525902578796562,"history_ote":1047000,"history_days":30,"history_cnt":31,"last_day":17818,"avg_performance":1.2434280432572327}