{"day_17886":1.2813467048710603,"day_17887":1.28107258834766,"day_17888":1.2822349570200573,"day_17889":1.2825950334288443,"day_17890":1.2836695319961795,"day_17891":1.2814307545367718,"day_17892":1.2785978987583573,"day_17893":1.274919770773639,"day_17894":1.2705396370582618,"day_17895":1.2733352435530085,"day_17896":1.2787698185291307,"day_17897":1.2827287488061128,"day_17898":1.2860668576886343,"day_17899":1.2868376313276026,"day_17900":1.2848968481375358,"day_17901":1.284119388729704,"day_17902":1.2852521489971347,"day_17903":1.2838595988538681,"day_17904":1.281989493791786,"day_17905":1.281487106017192,"day_17906":1.281650429799427,"day_17907":1.2812492836676217,"day_17908":1.280577841451767,"day_17909":1.2817411652340018,"day_17910":1.2801222540592168,"day_17911":1.2787325692454632,"day_17912":1.2782024832855778,"day_17913":1.278930276981853,"day_17914":1.2808758357211079,"day_17915":1.2822129894937917,"last_performance":1.2840735434574977,"day_17916":1.2840735434574977,"history_ote":1047000,"history_days":30,"history_cnt":31,"last_day":17916,"avg_performance":1.2811005946328986}