{"day_17908":0.9928181203515889,"day_17909":0.9944266396213658,"day_17910":0.9947565922920892,"day_17911":0.9939046653144016,"day_17912":0.9937741717376606,"day_17913":0.9928397565922921,"day_17914":0.9895557809330628,"day_17915":0.9889952670723462,"day_17916":0.9873786342123057,"day_17917":0.9939830966869506,"day_17918":0.9939290060851927,"day_17919":0.9927160243407708,"day_17920":0.9926937119675456,"day_17921":0.9931899932386747,"day_17922":0.9945902636916836,"day_17923":0.9944327248140635,"day_17924":0.9942217714672076,"day_17925":0.9922846517917512,"day_17926":0.9935794455713319,"day_17927":0.9923698444895199,"day_17928":0.9920162271805274,"day_17929":0.993158215010142,"day_17930":0.9921372549019608,"day_17931":0.993581473968898,"day_17932":0.9949107505070994,"day_17933":0.9953089925625422,"day_17934":0.9942136578769439,"day_17935":0.9934050033806626,"day_17936":0.9916903313049358,"day_17937":0.9932062204192021,"last_performance":0.9935672751859365,"day_17938":0.9935672751859365,"history_ote":1479000,"history_days":30,"history_cnt":31,"last_day":17938,"avg_performance":0.9930205020829245}