{"day_18032":1.0217562814070351,"day_18033":1.0212659128978225,"day_18034":1.022074120603015,"day_18035":1.0240686767169178,"day_18036":1.0249597989949748,"day_18037":1.0238835845896148,"day_18038":1.0252567001675041,"day_18039":1.0245087939698492,"day_18040":1.0240301507537688,"day_18041":1.0235515075376884,"day_18042":1.0242621440536013,"day_18043":1.0252269681742043,"day_18044":1.0245552763819095,"day_18045":1.0250054438860972,"day_18046":1.0249891122278056,"day_18047":1.0269258793969849,"day_18048":1.0281176716917924,"day_18049":1.0296859296482412,"day_18050":1.0315209380234507,"day_18051":1.032968174204355,"day_18052":1.034575795644891,"day_18053":1.0365808207705192,"day_18054":1.038174623115578,"day_18055":1.0401712730318258,"day_18056":1.0419518425460637,"day_18057":1.0449128978224456,"day_18058":1.0459840871021775,"day_18059":1.0484216917922948,"day_18060":1.0499149916247905,"day_18061":1.0518132328308207,"last_performance":1.0527093802345058,"day_18062":1.0527093802345058,"history_ote":2388000,"history_days":30,"history_cnt":31,"last_day":18062,"avg_performance":1.032058829091695}