{"day_18170":1.267660936007641,"day_18171":1.2634059216809934,"day_18172":1.2624985673352436,"day_18173":1.2606380133715378,"day_18174":1.2611174785100288,"day_18175":1.260699140401146,"day_18176":1.2594336198662845,"day_18177":1.2582913085004777,"day_18178":1.2591155682903534,"day_18179":1.2596255969436485,"day_18180":1.2578462273161413,"day_18181":1.2591805157593123,"day_18182":1.262598853868195,"day_18183":1.2615195797516714,"day_18184":1.2607086914995225,"day_18185":1.2621298949379178,"day_18186":1.2613371537726839,"day_18187":1.260930276981853,"day_18188":1.26170964660936,"day_18189":1.2649875835721107,"day_18190":1.2679035339063993,"day_18191":1.2653170964660936,"day_18192":1.264004775549188,"day_18193":1.263246418338109,"day_18194":1.2651289398280803,"day_18195":1.2637134670487107,"day_18196":1.259909264565425,"day_18197":1.2574909264565426,"day_18198":1.2547889207258835,"day_18199":1.2516857688634193,"last_performance":1.251676217765043,"day_18200":1.251676217765043,"history_ote":1047000,"history_days":30,"history_cnt":31,"last_day":18200,"avg_performance":1.2609774162738392}