{"day_18100":1.035263015551048,"day_18101":1.0349438810006761,"day_18102":1.0341622718052739,"day_18103":1.0355348208248816,"day_18104":1.036391480730223,"day_18105":1.0415091277890467,"day_18106":1.0380169033130493,"day_18107":1.038974983096687,"day_18108":1.0385956727518593,"day_18109":1.0376470588235294,"day_18110":1.037154834347532,"day_18111":1.0369215686274509,"day_18112":1.0370317782285328,"day_18113":1.036102096010818,"day_18114":1.0347944557133197,"day_18115":1.0360486815415821,"day_18116":1.0369006085192698,"day_18117":1.0379898580121705,"day_18118":1.0402183908045977,"day_18119":1.0395436105476674,"day_18120":1.0403630831643003,"day_18121":1.041420554428668,"day_18122":1.0427329276538202,"day_18123":1.0442521974306964,"day_18124":1.04368154158215,"day_18125":1.04499661933739,"day_18126":1.0468897903989183,"day_18127":1.0472508451656524,"day_18128":1.0493116970926302,"day_18129":1.0497478025693037,"last_performance":1.048290736984449,"day_18130":1.048290736984449,"history_ote":1479000,"history_days":30,"history_cnt":31,"last_day":18130,"avg_performance":1.0400865449628127}