{"day_17834":1.2500926456542503,"day_17835":1.2503629417383,"day_17836":1.249404011461318,"day_17837":1.2504689589302769,"day_17838":1.2518825214899714,"day_17839":1.2543037249283668,"day_17840":1.2555071633237822,"day_17841":1.2571690544412608,"day_17842":1.2590133715377267,"day_17843":1.25970964660936,"day_17844":1.2610821394460363,"day_17845":1.2632082139446037,"day_17846":1.2631050620821394,"day_17847":1.263702005730659,"day_17848":1.2642234957020058,"day_17849":1.2648796561604585,"day_17850":1.264624641833811,"day_17851":1.2628414517669533,"day_17852":1.2636876790830947,"day_17853":1.2631852913085004,"day_17854":1.265694364851958,"day_17855":1.2696809933142312,"day_17856":1.271349570200573,"day_17857":1.2729723018147088,"day_17858":1.2735826170009552,"day_17859":1.272021012416428,"day_17860":1.272461318051576,"day_17861":1.2716361031518624,"day_17862":1.2734651384909264,"day_17863":1.2749875835721107,"last_performance":1.2748538681948425,"day_17864":1.2748538681948425,"history_ote":1047000,"history_days":30,"history_cnt":31,"last_day":17864,"avg_performance":1.2633922112333242}