{"day_17867":1.026747487437186,"day_17868":1.0267805695142378,"day_17869":1.0268387772194305,"day_17870":1.0268978224455612,"day_17871":1.026929648241206,"day_17872":1.0284041038525964,"day_17873":1.0286989112227807,"day_17874":1.028425041876047,"day_17875":1.0274849246231155,"day_17876":1.0272952261306532,"day_17877":1.0264087102177555,"day_17878":1.0272303182579565,"day_17879":1.0270510887772195,"day_17880":1.0257533500837521,"day_17881":1.0251591289782245,"day_17882":1.025109715242881,"day_17883":1.0249149916247906,"day_17884":1.0256310720268007,"day_17885":1.0244091289782244,"day_17886":1.023818676716918,"day_17887":1.02214405360134,"day_17888":1.0229061976549414,"day_17889":1.023427135678392,"day_17890":1.0249463986599665,"day_17891":1.0245469011725292,"day_17892":1.0256457286432161,"day_17893":1.0249355108877722,"day_17894":1.025574958123953,"day_17895":1.0252613065326632,"day_17896":1.0242340871021776,"last_performance":1.0241193467336684,"day_17897":1.0241193467336684,"history_ote":2388000,"history_days":30,"history_cnt":31,"last_day":17897,"avg_performance":1.0257332360728373}