{"day_18093":1.0577198492462312,"history_ote":2388000,"history_days":30,"history_cnt":1,"last_day":18123,"avg_performance":1.0577198492462312}