{"day_17825":1.2508204393505253,"day_17826":1.2502540592168099,"day_17827":1.248769818529131,"day_17828":1.2479808978032474,"day_17829":1.2492063037249284,"day_17830":1.2501738299904488,"day_17831":1.2517134670487107,"day_17832":1.2504049665711556,"day_17833":1.2493553008595988,"day_17834":1.2500926456542503,"day_17835":1.2503629417383,"day_17836":1.249404011461318,"day_17837":1.2504689589302769,"day_17838":1.2518825214899714,"day_17839":1.2543037249283668,"day_17840":1.2555071633237822,"day_17841":1.2571690544412608,"day_17842":1.2590133715377267,"day_17843":1.25970964660936,"day_17844":1.2610821394460363,"day_17845":1.2632082139446037,"day_17846":1.2631050620821394,"day_17847":1.263702005730659,"day_17848":1.2642234957020058,"day_17849":1.2648796561604585,"day_17850":1.264624641833811,"day_17851":1.2628414517669533,"day_17852":1.2636876790830947,"day_17853":1.2631852913085004,"day_17854":1.265694364851958,"last_performance":1.2690792741165233,"day_17855":1.2690792741165233,"history_ote":1047000,"history_days":30,"history_cnt":31,"last_day":17855,"avg_performance":1.2566421419108358}