{"day_17862":0.9896085192697769,"day_17863":0.9911615956727519,"day_17864":0.9917782285327924,"day_17865":0.9910953346855984,"day_17866":0.9904597701149426,"day_17867":0.9927288708586883,"day_17868":0.9993394185260311,"day_17869":0.9990446247464503,"day_17870":0.9997545638945233,"day_17871":1.0001764705882352,"day_17872":0.9997552400270453,"day_17873":0.9995037187288709,"day_17874":0.99926369168357,"day_17875":0.999762001352265,"day_17876":0.9992819472616633,"day_17877":0.9993901284651792,"day_17878":0.9960764029749831,"day_17879":0.995079107505071,"day_17880":0.9944002704530088,"day_17881":0.9945098039215686,"day_17882":0.9942332657200811,"day_17883":0.9966693711967546,"day_17884":0.9968810006761325,"day_17885":0.9970561189993239,"day_17886":0.9947085868830291,"day_17887":0.9927998647734956,"day_17888":0.9930087897227856,"day_17889":0.9923258958755916,"day_17890":0.9928613928329952,"day_17891":0.9930696416497633,"last_performance":0.9930236646382691,"day_17892":0.9930236646382691,"history_ote":1479000,"history_days":30,"history_cnt":31,"last_day":17892,"avg_performance":0.9954453968461691}