{"day_17835":0.9816193373901284,"day_17836":0.9832853279242731,"day_17837":0.9867586206896551,"day_17838":0.9852319134550371,"day_17839":0.9855936443542934,"day_17840":0.9849878296146045,"day_17841":0.9836693711967546,"day_17842":0.9838546315077755,"day_17843":0.9836200135226505,"day_17844":0.9842278566599053,"day_17845":0.9840865449628127,"day_17846":0.9852481406355645,"day_17847":0.9844550371872887,"day_17848":0.9836984448951994,"day_17849":0.9832075726842461,"day_17850":0.9843617308992563,"day_17851":0.9842549019607844,"day_17852":0.9829979716024341,"day_17853":0.9903042596348884,"day_17854":0.9908965517241379,"day_17855":0.9889621365787694,"day_17856":0.9893218390804598,"day_17857":0.9895125084516565,"day_17858":0.9910561189993239,"day_17859":0.9902866801893171,"day_17860":0.9895098039215686,"day_17861":0.9896085192697769,"day_17862":0.9896085192697769,"day_17863":0.9911615956727519,"day_17864":0.9917782285327924,"last_performance":0.9917782285327924,"day_17865":0.9917782285327924,"history_ote":1479000,"history_days":30,"history_cnt":31,"last_day":17865,"avg_performance":0.9867401251935701}