{"day_17911":1.2787325692454632,"day_17912":1.2782024832855778,"day_17913":1.278930276981853,"day_17914":1.2808758357211079,"day_17915":1.2822129894937917,"day_17916":1.2842970391595034,"day_17917":1.287606494746896,"day_17918":1.2856895893027698,"day_17919":1.284937917860554,"day_17920":1.2862311365807069,"day_17921":1.2877478510028653,"day_17922":1.2894040114613181,"day_17923":1.2894383954154727,"day_17924":1.2918166189111748,"day_17925":1.2907688634192933,"day_17926":1.2920133715377269,"day_17927":1.2927831900668576,"day_17928":1.2932263610315187,"day_17929":1.29143553008596,"day_17930":1.2886150907354346,"day_17931":1.287759312320917,"day_17932":1.2860305635148042,"day_17933":1.2862788920725883,"day_17934":1.2865186246418339,"day_17935":1.2852521489971347,"day_17936":1.2873619866284622,"day_17937":1.286134670487106,"day_17938":1.28525405921681,"day_17939":1.2878309455587393,"day_17940":1.2883667621776504,"last_performance":1.2893667621776503,"day_17941":1.2893667621776503,"history_ote":1047000,"history_days":30,"history_cnt":31,"last_day":17941,"avg_performance":1.2868103336722432}