{"day_17788":0.9848262339418526,"day_17789":0.985526031102096,"day_17790":0.9893150777552401,"day_17791":0.9892156862745098,"day_17792":0.990184584178499,"day_17793":0.9898133874239351,"day_17794":0.9894043272481406,"day_17795":0.9886382691007437,"day_17796":0.9893752535496957,"day_17797":0.9889256254225828,"day_17798":0.9896227180527384,"day_17799":0.9863874239350913,"day_17800":0.9864509803921568,"day_17801":0.9885483434753212,"day_17802":0.9895199459093983,"day_17803":0.9879161595672752,"day_17804":0.9875997295469912,"day_17805":0.9879939148073023,"day_17806":0.9877058823529412,"day_17807":0.985919540229885,"day_17808":0.9885835023664639,"day_17809":0.9907254901960785,"day_17810":0.9904401622718053,"day_17811":0.989710615280595,"day_17812":0.9913387423935092,"day_17813":0.9886666666666667,"day_17814":0.9879337390128465,"day_17815":0.9864962812711291,"day_17816":0.9866247464503043,"day_17817":0.9891825557809331,"last_performance":0.9865862068965517,"day_17818":0.9865862068965517,"history_ote":1479000,"history_days":30,"history_cnt":31,"last_day":17818,"avg_performance":0.9883605749307509}