{"day_18234":1.0353766058147398,"day_18235":1.0353752535496958,"day_18236":1.0355868830290738,"day_18237":1.0366957403651116,"day_18238":1.0401913455037188,"day_18239":1.0428242055442867,"day_18240":1.0423448275862068,"day_18241":1.0432731575388776,"day_18242":1.0429925625422583,"day_18243":1.0433353617308994,"day_18244":1.0430135226504396,"day_18245":1.04410953346856,"day_18246":1.045183908045977,"day_18247":1.0448640973630832,"day_18248":1.0441859364435429,"day_18249":1.0425395537525355,"day_18250":1.0417396889790398,"day_18251":1.0418870858688303,"day_18252":1.042841784989858,"day_18253":1.0429851250845166,"day_18254":1.0433110209601082,"day_18255":1.0445057471264367,"day_18256":1.044526707234618,"day_18257":1.044029749830967,"day_18258":1.045105476673428,"day_18259":1.044946585530764,"day_18260":1.0439885057471265,"day_18261":1.0437883705206221,"day_18262":1.0465361730899256,"day_18263":1.0462298850574712,"last_performance":1.0473373901284653,"day_18264":1.0473373901284653,"history_ote":1479000,"history_days":30,"history_cnt":31,"last_day":18264,"avg_performance":1.0427629610242317}