{"day_17753":1.0605682579564488,"day_17754":1.0594895309882748,"day_17755":1.0573488274706868,"day_17756":1.0548056951423785,"day_17757":1.0525230318257957,"day_17758":1.050784338358459,"day_17759":1.048719849246231,"day_17760":1.047069095477387,"day_17761":1.045362646566164,"day_17762":1.0428902847571189,"day_17763":1.042139447236181,"day_17764":1.0411700167504188,"day_17765":1.03986013400335,"day_17766":1.0381700167504189,"day_17767":1.0365988274706868,"day_17768":1.0349149916247906,"day_17769":1.0340469011725293,"day_17770":1.0325029313232832,"day_17771":1.0303136515912898,"day_17772":1.0288634840871023,"day_17773":1.0273274706867672,"day_17774":1.0254028475711894,"day_17775":1.02371608040201,"day_17776":1.023111390284757,"day_17777":1.0238132328308207,"day_17778":1.0237793132328308,"day_17779":1.0250812395309883,"day_17780":1.023959798994975,"day_17781":1.0241256281407036,"day_17782":1.0250996649916249,"last_performance":1.0255619765494137,"day_17783":1.0255619765494137,"history_ote":2388000,"history_days":30,"history_cnt":31,"last_day":17783,"avg_performance":1.0370684065488736}