{"day_18000":1.0158245393634842,"day_18001":1.0169024288107202,"day_18002":1.0180205192629816,"day_18003":1.0186708542713567,"day_18004":1.019713149078727,"day_18005":1.0206700167504188,"day_18006":1.0210129815745395,"day_18007":1.0217332495812395,"day_18008":1.0207064489112228,"day_18009":1.0221218592964825,"day_18010":1.0220971524288107,"day_18011":1.0233965661641542,"day_18012":1.0233278894472362,"day_18013":1.0231926298157454,"day_18014":1.0235577889447236,"day_18015":1.0194250418760469,"day_18016":1.019103433835846,"day_18017":1.01843216080402,"day_18018":1.0182797319933,"day_18019":1.017503768844221,"day_18020":1.0176930485762143,"day_18021":1.0197742881072027,"day_18022":1.0208153266331659,"day_18023":1.0216474036850922,"day_18024":1.0231172529313233,"day_18025":1.0226369346733668,"day_18026":1.022071189279732,"day_18027":1.0217416247906197,"day_18028":1.0218697654941373,"day_18029":1.0225569514237856,"last_performance":1.0217102177554438,"day_18030":1.0217102177554438,"history_ote":2388000,"history_days":30,"history_cnt":31,"last_day":18030,"avg_performance":1.0206234262711409}