{"day_18002":1.0304665314401622,"day_18003":1.032976335361731,"day_18004":1.0356511156186612,"day_18005":1.0351129141311697,"day_18006":1.035971602434077,"day_18007":1.0374279918864098,"day_18008":1.0380365111561867,"day_18009":1.0371643002028397,"day_18010":1.0372332657200811,"day_18011":1.0383793103448276,"day_18012":1.041655848546315,"day_18013":1.0444394861392834,"day_18014":1.0450892494929007,"day_18015":1.0456950642325895,"day_18016":1.041974983096687,"day_18017":1.0405740365111562,"day_18018":1.0405219743069642,"day_18019":1.0404888438133875,"day_18020":1.0429033130493577,"day_18021":1.0443367139959432,"day_18022":1.0433779580797837,"day_18023":1.0427302231237323,"day_18024":1.0423002028397566,"day_18025":1.044181879648411,"day_18026":1.0463569979716025,"day_18027":1.048130493576741,"day_18028":1.0480405679513185,"day_18029":1.0487525354969573,"day_18030":1.0451453684922245,"day_18031":1.0457038539553754,"last_performance":1.0451304935767411,"day_18032":1.0451304935767411,"history_ote":1479000,"history_days":30,"history_cnt":31,"last_day":18032,"avg_performance":1.0414822569739801}