{"day_17775":1.2241413562559695,"day_17776":1.2239006685768863,"day_17777":1.2251127029608404,"day_17778":1.2255549188156638,"day_17779":1.2256857688634193,"day_17780":1.2260353390639924,"day_17781":1.2252445081184336,"day_17782":1.2264001910219675,"day_17783":1.2278051575931233,"day_17784":1.2280534861509074,"day_17785":1.2275530085959885,"day_17786":1.228813753581662,"day_17787":1.230075453677173,"day_17788":1.2313533906399237,"day_17789":1.2326418338108882,"day_17790":1.2328968481375358,"day_17791":1.233087870105062,"day_17792":1.232898758357211,"day_17793":1.2332368672397325,"day_17794":1.2322893982808023,"day_17795":1.2338156638013371,"day_17796":1.2368615090735435,"day_17797":1.2392559694364853,"day_17798":1.2421881566380133,"day_17799":1.2413772683858644,"day_17800":1.2411518624641833,"day_17801":1.2410515759312322,"day_17802":1.2417994269340975,"day_17803":1.2421604584527222,"day_17804":1.2448510028653295,"last_performance":1.2452177650429799,"day_17805":1.2452177650429799,"history_ote":1047000,"history_days":30,"history_cnt":31,"last_day":17805,"avg_performance":1.2329842560926767}