{"day_17768":1.2169073543457498,"day_17769":1.2181184336198663,"day_17770":1.2172788920725883,"day_17771":1.2182702960840497,"day_17772":1.2193973256924546,"day_17773":1.2208767908309455,"day_17774":1.2237363896848137,"day_17775":1.2241413562559695,"day_17776":1.2239006685768863,"day_17777":1.2251127029608404,"day_17778":1.2255549188156638,"day_17779":1.2256857688634193,"day_17780":1.2260353390639924,"day_17781":1.2252445081184336,"day_17782":1.2264001910219675,"last_performance":1.2278051575931233,"day_17783":1.2278051575931233,"history_ote":1047000,"history_days":30,"history_cnt":16,"last_day":17783,"avg_performance":1.222779130850048}