{"day_17891":0.9930696416497633,"day_17892":0.99294523326572,"day_17893":0.9924137931034482,"day_17894":0.9909851250845165,"day_17895":0.9920385395537525,"day_17896":0.9918776200135226,"day_17897":0.9912068965517241,"day_17898":0.9915895875591616,"day_17899":0.9918877620013523,"day_17900":0.990895199459094,"day_17901":0.9924361054766734,"day_17902":0.9931974306964165,"day_17903":0.9945233265720081,"day_17904":0.993711967545639,"day_17905":0.9946991210277214,"day_17906":0.9937058823529412,"day_17907":0.99279107505071,"day_17908":0.9928181203515889,"day_17909":0.9944266396213658,"day_17910":0.9947565922920892,"day_17911":0.9939046653144016,"day_17912":0.9937741717376606,"day_17913":0.9928397565922921,"day_17914":0.9895557809330628,"day_17915":0.9889952670723462,"day_17916":0.9873786342123057,"day_17917":0.9939830966869506,"day_17918":0.9939290060851927,"day_17919":0.9927160243407708,"day_17920":0.9926937119675456,"last_performance":0.9927092630155511,"day_17921":0.9927092630155511,"history_ote":1479000,"history_days":30,"history_cnt":31,"last_day":17921,"avg_performance":0.992530807651203}