{"day_18140":1.277360076408787,"day_18141":1.2774469914040114,"day_18142":1.273520534861509,"day_18143":1.2727039159503344,"day_18144":1.2725998089780324,"day_18145":1.2739426934097422,"day_18146":1.2739493791786056,"day_18147":1.2747631327602675,"day_18148":1.2718118433619867,"day_18149":1.270048710601719,"day_18150":1.2694890162368673,"day_18151":1.268269340974212,"day_18152":1.2681470869149951,"day_18153":1.2687984718242598,"day_18154":1.2696714422158548,"day_18155":1.2698863419293218,"day_18156":1.2701509073543458,"day_18157":1.2696876790830947,"day_18158":1.269694364851958,"day_18159":1.2684918815663802,"day_18160":1.2701489971346704,"day_18161":1.2712273161413563,"day_18162":1.2712311365807067,"day_18163":1.2695214899713467,"day_18164":1.2684737344794652,"day_18165":1.26741929321872,"day_18166":1.2670324737344794,"day_18167":1.267204393505253,"day_18168":1.2695787965616046,"day_18169":1.2695730659025788,"last_performance":1.2700888252148996,"day_18170":1.2700888252148996,"history_ote":1047000,"history_days":30,"history_cnt":31,"last_day":18170,"avg_performance":1.2707075207197212}