{"day_17951":1.0123475711892798,"day_17952":1.013897822445561,"day_17953":1.0134384422110552,"day_17954":1.012958123953099,"day_17955":1.012539782244556,"day_17956":1.0122793132328307,"day_17957":1.0135020938023451,"day_17958":1.0134966499162479,"day_17959":1.0138739530988274,"day_17960":1.013818257956449,"day_17961":1.0146829983249581,"day_17962":1.01339405360134,"day_17963":1.012243718592965,"day_17964":1.0119966499162478,"day_17965":1.011257118927973,"day_17966":1.011500837520938,"day_17967":1.0109258793969849,"day_17968":1.0118308207705193,"day_17969":1.0114928810720267,"day_17970":1.0119455611390284,"day_17971":1.012533500837521,"day_17972":1.0129388609715242,"day_17973":1.012814907872697,"day_17974":1.0130188442211054,"day_17975":1.0136256281407034,"day_17976":1.0114342546063653,"day_17977":1.011001256281407,"day_17978":1.0110808207705193,"day_17979":1.0095489949748744,"day_17980":1.0131126465661642,"last_performance":1.0133040201005026,"day_17981":1.0133040201005026,"history_ote":2388000,"history_days":30,"history_cnt":31,"last_day":17981,"avg_performance":1.0125108472469877}