{"day_18080":1.033631507775524,"day_18081":1.0324509803921569,"day_18082":1.0320162271805273,"day_18083":1.031234617985125,"day_18084":1.0310486815415822,"day_18085":1.0309783637592969,"day_18086":1.0306166328600406,"day_18087":1.0294983096686952,"day_18088":1.029733603786342,"day_18089":1.029576064908722,"day_18090":1.0306632860040568,"day_18091":1.0327261663286005,"day_18092":1.0347572684246111,"day_18093":1.0323813387423935,"day_18094":1.031656524678837,"day_18095":1.0320730223123733,"day_18096":1.0321778228532792,"day_18097":1.0338607167004732,"day_18098":1.0334185260311022,"day_18099":1.034133198106829,"day_18100":1.035263015551048,"day_18101":1.0349438810006761,"day_18102":1.0341622718052739,"day_18103":1.0355348208248816,"day_18104":1.036391480730223,"day_18105":1.0415091277890467,"day_18106":1.0380169033130493,"day_18107":1.038974983096687,"day_18108":1.0385956727518593,"day_18109":1.0376470588235294,"last_performance":1.0374097363083163,"day_18110":1.0374097363083163,"history_ote":1479000,"history_days":30,"history_cnt":31,"last_day":18110,"avg_performance":1.0337768326462957}