{"day_18178":1.1448161403508772,"day_18179":1.1436290058479532,"day_18180":1.1412334502923978,"day_18181":1.140978947368421,"day_18182":1.139973567251462,"day_18183":1.1393791812865497,"day_18184":1.1393721637426901,"day_18185":1.1371298245614034,"day_18186":1.1353649122807017,"day_18187":1.1344343859649122,"day_18188":1.1316638596491229,"day_18189":1.1297686549707602,"day_18190":1.1280191812865497,"day_18191":1.1247922807017543,"day_18192":1.1242329824561403,"day_18193":1.1243950877192983,"day_18194":1.126585730994152,"day_18195":1.1284126315789473,"day_18196":1.1303967251461988,"day_18197":1.1309899415204678,"day_18198":1.1328851461988305,"day_18199":1.1338329824561404,"day_18200":1.1354416374269005,"day_18201":1.1366084210526315,"day_18202":1.1345548538011696,"day_18203":1.1326261988304094,"day_18204":1.1322715789473685,"day_18205":1.133346432748538,"day_18206":1.133176140350877,"day_18207":1.1319726315789473,"last_performance":1.1304781286549708,"day_18208":1.1304781286549708,"history_ote":4275000,"history_days":30,"history_cnt":31,"last_day":18208,"avg_performance":1.1336375099037919}