{"day_17999":1.2073321637426901,"day_18000":1.206719298245614,"day_18001":1.2066795321637427,"day_18002":1.2071826900584794,"day_18003":1.2061716959064328,"day_18004":1.2062126315789474,"day_18005":1.2063885380116959,"day_18006":1.206511812865497,"day_18007":1.2069454970760234,"day_18008":1.2075008187134504,"day_18009":1.2078617543859649,"day_18010":1.208500350877193,"day_18011":1.2092285380116958,"day_18012":1.2089394152046784,"day_18013":1.2053415204678362,"day_18014":1.2022023391812866,"day_18015":1.2018991812865496,"day_18016":1.2000495906432749,"day_18017":1.2019714619883042,"day_18018":1.2027829239766081,"day_18019":1.2039892397660819,"day_18020":1.2001394152046783,"day_18021":1.1975805847953216,"day_18022":1.1956374269005847,"day_18023":1.1939043274853802,"day_18024":1.1903716959064328,"day_18025":1.185723976608187,"day_18026":1.1836849122807018,"day_18027":1.184026432748538,"day_18028":1.181871812865497,"last_performance":1.180465029239766,"day_18029":1.180465029239766,"history_ote":4275000,"history_days":30,"history_cnt":31,"last_day":18029,"avg_performance":1.2004456970382946}