{"day_17875":1.1738432748538012,"day_17876":1.1745560233918129,"day_17877":1.1757415204678363,"day_17878":1.1763209356725146,"day_17879":1.1770100584795322,"day_17880":1.1761188304093568,"day_17881":1.1762112280701755,"day_17882":1.176253567251462,"day_17883":1.1772750877192983,"day_17884":1.178726081871345,"day_17885":1.1789527485380118,"day_17886":1.1792168421052631,"day_17887":1.1793377777777778,"day_17888":1.1797026900584795,"day_17889":1.1798893567251463,"day_17890":1.1808196491228071,"day_17891":1.181807485380117,"day_17892":1.1819309941520468,"day_17893":1.182452865497076,"day_17894":1.1820764912280701,"day_17895":1.1813810526315789,"day_17896":1.1814236257309942,"day_17897":1.1806753216374268,"day_17898":1.1800884210526317,"day_17899":1.1805426900584794,"day_17900":1.1807008187134502,"day_17901":1.1810194152046785,"day_17902":1.1809284210526316,"day_17903":1.1810208187134503,"day_17904":1.1812844444444444,"last_performance":1.1811015204678363,"day_17905":1.1811015204678363,"history_ote":4275000,"history_days":30,"history_cnt":31,"last_day":17905,"avg_performance":1.179303550273533}