{"day_18263":1.1348205847953217,"day_18264":1.1344930994152047,"day_18265":1.1347305263157894,"day_18266":1.1347808187134503,"day_18267":1.1353564912280703,"day_18268":1.1358839766081872,"day_18269":1.1355534502923976,"day_18270":1.1356486549707603,"day_18271":1.1361536842105264,"day_18272":1.1367618713450292,"day_18273":1.1375679532163743,"day_18274":1.1378566081871344,"day_18275":1.138545029239766,"day_18276":1.139381754385965,"day_18277":1.1409843274853801,"day_18278":1.1420364912280703,"day_18279":1.1420638596491228,"day_18280":1.1405604678362573,"day_18281":1.139825730994152,"day_18282":1.1408708771929825,"day_18283":1.140694269005848,"day_18284":1.1408009356725146,"day_18285":1.1407461988304093,"day_18286":1.1426729824561404,"day_18287":1.1440287719298246,"day_18288":1.1445534502923977,"day_18289":1.1446783625730994,"day_18290":1.145431812865497,"day_18291":1.1453012865497076,"day_18292":1.1463976608187134,"last_performance":1.1465230409356726,"day_18293":1.1465230409356726,"history_ote":4275000,"history_days":30,"history_cnt":31,"last_day":18293,"avg_performance":1.1398614525561213}