{"day_18076":1.1913581286549708,"day_18077":1.1916912280701755,"day_18078":1.1904313450292399,"day_18079":1.1895936842105264,"day_18080":1.1895429239766082,"day_18081":1.1903567251461988,"day_18082":1.1922640935672515,"day_18083":1.1948690058479532,"day_18084":1.19418783625731,"day_18085":1.1929494736842106,"day_18086":1.1918280701754387,"day_18087":1.193250292397661,"day_18088":1.1939167251461988,"day_18089":1.1918014035087718,"day_18090":1.1883230409356724,"day_18091":1.185646783625731,"day_18092":1.18414783625731,"day_18093":1.184307134502924,"day_18094":1.1843733333333333,"day_18095":1.1852746198830408,"day_18096":1.1834748538011697,"day_18097":1.1816159064327485,"day_18098":1.1821401169590644,"day_18099":1.184077894736842,"day_18100":1.1859253801169591,"day_18101":1.1860769590643274,"day_18102":1.1858891228070176,"day_18103":1.1861050292397661,"day_18104":1.1839644444444444,"day_18105":1.1818348538011696,"last_performance":1.179877894736842,"day_18106":1.179877894736842,"history_ote":4275000,"history_days":30,"history_cnt":31,"last_day":18106,"avg_performance":1.1877772948500283}