{"day_17967":1.1924411695906432,"day_17968":1.1944114619883042,"day_17969":1.1943076023391812,"day_17970":1.1911609356725146,"day_17971":1.1898374269005847,"day_17972":1.1905663157894737,"day_17973":1.191286783625731,"day_17974":1.1933047953216374,"day_17975":1.1958334502923977,"day_17976":1.198331461988304,"day_17977":1.1998109941520467,"day_17978":1.2039953216374268,"day_17979":1.2063466666666667,"day_17980":1.2065557894736842,"day_17981":1.206222456140351,"day_17982":1.207490058479532,"day_17983":1.2088757894736841,"day_17984":1.2110573099415205,"day_17985":1.2127943859649122,"day_17986":1.2152659649122808,"day_17987":1.2169258479532163,"day_17988":1.2193183625730994,"day_17989":1.2177550877192982,"day_17990":1.2152147368421053,"day_17991":1.2138409356725146,"day_17992":1.2128154385964913,"day_17993":1.2114914619883042,"day_17994":1.2092098245614036,"day_17995":1.207159298245614,"day_17996":1.2063391812865496,"last_performance":1.2059279532163742,"day_17997":1.2059279532163742,"history_ote":4275000,"history_days":30,"history_cnt":31,"last_day":17997,"avg_performance":1.2047062667421242}