{"day_17838":1.1402900584795321,"day_17839":1.1402,"day_17840":1.139787134502924,"day_17841":1.1412580116959063,"day_17842":1.1432947368421054,"day_17843":1.1453602339181286,"day_17844":1.1467249122807017,"day_17845":1.1485251461988304,"day_17846":1.1502130994152047,"day_17847":1.1524011695906433,"day_17848":1.1528514619883041,"day_17849":1.1535534502923976,"day_17850":1.1553995321637427,"day_17851":1.1567319298245613,"day_17852":1.1599111111111111,"day_17853":1.1630070175438596,"day_17854":1.1649604678362573,"day_17855":1.1643663157894737,"day_17856":1.164581754385965,"day_17857":1.1654273684210525,"day_17858":1.1666666666666667,"day_17859":1.1669326315789474,"day_17860":1.168494269005848,"day_17861":1.1697581286549708,"day_17862":1.1699080701754385,"day_17863":1.1701216374269006,"day_17864":1.171273216374269,"day_17865":1.1717892397660818,"day_17866":1.172678596491228,"day_17867":1.1735798830409356,"last_performance":1.1736591812865498,"day_17868":1.1736591812865498,"history_ote":4275000,"history_days":30,"history_cnt":31,"last_day":17868,"avg_performance":1.158829239766082}