{"day_18191":1.1247922807017543,"day_18192":1.1242329824561403,"day_18193":1.1243950877192983,"day_18194":1.126585730994152,"day_18195":1.1284126315789473,"day_18196":1.1303967251461988,"day_18197":1.1309899415204678,"day_18198":1.1328851461988305,"day_18199":1.1338329824561404,"day_18200":1.1354416374269005,"day_18201":1.1366084210526315,"day_18202":1.1345548538011696,"day_18203":1.1326261988304094,"day_18204":1.1322715789473685,"day_18205":1.133346432748538,"day_18206":1.133176140350877,"day_18207":1.1319726315789473,"day_18208":1.1300411695906434,"day_18209":1.1289684210526316,"day_18210":1.1296123976608188,"day_18211":1.1297129824561403,"day_18212":1.129060350877193,"day_18213":1.1299869005847953,"day_18214":1.1302584795321637,"day_18215":1.1296720467836256,"day_18216":1.1289483040935673,"day_18217":1.1262245614035087,"day_18218":1.1230771929824561,"day_18219":1.1209232748538012,"day_18220":1.120987134502924,"last_performance":1.1209642105263158,"day_18221":1.1209642105263158,"history_ote":4275000,"history_days":30,"history_cnt":31,"last_day":18221,"avg_performance":1.1291922203357858}