{"day_18110":1.1779934502923977,"day_18111":1.1755515789473685,"day_18112":1.175608187134503,"day_18113":1.1749244444444444,"day_18114":1.1727087719298246,"day_18115":1.1704930994152047,"day_18116":1.1680945029239767,"day_18117":1.1681616374269006,"day_18118":1.1664552046783625,"day_18119":1.1669730994152048,"day_18120":1.165058947368421,"day_18121":1.1652844444444443,"day_18122":1.1652615204678363,"day_18123":1.1668037426900584,"day_18124":1.1664762573099414,"day_18125":1.1641036257309942,"day_18126":1.1626269005847953,"day_18127":1.1620785964912281,"day_18128":1.1601831578947368,"day_18129":1.158537543859649,"day_18130":1.1589476023391814,"day_18131":1.1599143859649124,"day_18132":1.1617223391812865,"day_18133":1.1655218713450293,"day_18134":1.1665094736842105,"day_18135":1.167746432748538,"day_18136":1.168105730994152,"day_18137":1.1676919298245614,"day_18138":1.1686947368421052,"day_18139":1.1711108771929823,"last_performance":1.1728734502923976,"day_18140":1.1728734502923976,"history_ote":4275000,"history_days":30,"history_cnt":31,"last_day":18140,"avg_performance":1.16716830786644}