{"day_17807":1.1081305263157895,"day_17808":1.109818947368421,"day_17809":1.1119216374269005,"day_17810":1.1153845614035087,"day_17811":1.1188872514619883,"day_17812":1.1221833918128654,"day_17813":1.1262138011695906,"day_17814":1.1276902923976608,"day_17815":1.1312484210526317,"day_17816":1.1332428070175438,"day_17817":1.1342816374269007,"day_17818":1.1349244444444444,"day_17819":1.1346577777777778,"day_17820":1.1346645614035087,"day_17821":1.1348350877192983,"day_17822":1.134514619883041,"day_17823":1.1347929824561402,"day_17824":1.1359801169590644,"day_17825":1.1388077192982455,"day_17826":1.142225029239766,"day_17827":1.1434624561403508,"day_17828":1.1440276023391813,"day_17829":1.14422432748538,"day_17830":1.1440778947368422,"day_17831":1.1445738011695907,"day_17832":1.1435228070175438,"day_17833":1.1432166081871344,"day_17834":1.1407197660818713,"day_17835":1.1399045614035088,"day_17836":1.13844,"last_performance":1.138120701754386,"day_17837":1.138120701754386,"history_ote":4275000,"history_days":30,"history_cnt":31,"last_day":17837,"avg_performance":1.133183746462932}