{"day_18254":1.1267913450292397,"day_18255":1.1261377777777777,"day_18256":1.125153918128655,"day_18257":1.1251459649122808,"day_18258":1.125587134502924,"day_18259":1.1276715789473684,"day_18260":1.1299054970760234,"day_18261":1.1317359064327486,"day_18262":1.1333431578947368,"day_18263":1.1348205847953217,"day_18264":1.1344930994152047,"day_18265":1.1347305263157894,"day_18266":1.1347808187134503,"day_18267":1.1353564912280703,"day_18268":1.1358839766081872,"day_18269":1.1355534502923976,"day_18270":1.1356486549707603,"day_18271":1.1361536842105264,"day_18272":1.1367618713450292,"day_18273":1.1375679532163743,"day_18274":1.1378566081871344,"day_18275":1.138545029239766,"day_18276":1.139381754385965,"day_18277":1.1409843274853801,"day_18278":1.1420364912280703,"day_18279":1.1420638596491228,"day_18280":1.1405604678362573,"day_18281":1.139825730994152,"day_18282":1.1408708771929825,"day_18283":1.140694269005848,"last_performance":1.1409057309941522,"day_18284":1.1409057309941522,"history_ote":4275000,"history_days":30,"history_cnt":31,"last_day":18284,"avg_performance":1.1350628560648932}