{"day_18026":1.1836849122807018,"day_18027":1.184026432748538,"day_18028":1.181871812865497,"day_18029":1.182583625730994,"day_18030":1.187518596491228,"day_18031":1.1891230409356726,"day_18032":1.1910975438596492,"day_18033":1.1937656140350876,"day_18034":1.1939429239766082,"day_18035":1.1919256140350878,"day_18036":1.1923216374269006,"day_18037":1.18904,"day_18038":1.1832072514619882,"day_18039":1.1859015204678363,"day_18040":1.1878727485380116,"day_18041":1.1887415204678362,"day_18042":1.1887646783625732,"day_18043":1.187978947368421,"day_18044":1.185828538011696,"day_18045":1.1847595321637427,"day_18046":1.1846063157894737,"day_18047":1.1835899415204678,"day_18048":1.1844458479532163,"day_18049":1.1858790643274855,"day_18050":1.1865543859649124,"day_18051":1.185500350877193,"day_18052":1.1842956725146199,"day_18053":1.181862923976608,"day_18054":1.1803943859649122,"day_18055":1.1820654970760234,"last_performance":1.1818299415204678,"day_18056":1.1818299415204678,"history_ote":4275000,"history_days":30,"history_cnt":31,"last_day":18056,"avg_performance":1.1862897038294662}