{"day_18143":1.1808093567251463,"day_18144":1.1805705263157895,"day_18145":1.180033216374269,"day_18146":1.180273918128655,"day_18147":1.1771967251461988,"day_18148":1.1734332163742691,"day_18149":1.1719983625730994,"day_18150":1.1725707602339182,"day_18151":1.1714315789473684,"day_18152":1.1715656140350876,"day_18153":1.1739473684210526,"day_18154":1.1749812865497076,"day_18155":1.1752435087719297,"day_18156":1.1730044444444445,"day_18157":1.172734269005848,"day_18158":1.1733499415204678,"day_18159":1.1733211695906434,"day_18160":1.1747197660818713,"day_18161":1.177093567251462,"day_18162":1.176298947368421,"day_18163":1.1765094736842105,"day_18164":1.1743915789473685,"day_18165":1.1712280701754385,"day_18166":1.1677469005847954,"day_18167":1.1644166081871345,"day_18168":1.1630622222222222,"day_18169":1.161061754385965,"day_18170":1.1600170760233919,"day_18171":1.159513918128655,"day_18172":1.1605995321637428,"last_performance":1.1592734502923976,"day_18173":1.1592734502923976,"history_ote":4275000,"history_days":30,"history_cnt":31,"last_day":18173,"avg_performance":1.1716902622146763}