{"day_18231":1.1194032748538012,"day_18232":1.1198002339181286,"day_18233":1.1213695906432748,"day_18234":1.123468538011696,"day_18235":1.125099649122807,"day_18236":1.1253347368421052,"day_18237":1.1261029239766083,"day_18238":1.1260247953216374,"day_18239":1.1259190643274855,"day_18240":1.1268107602339181,"day_18241":1.1274395321637427,"day_18242":1.1262194152046783,"day_18243":1.124736140350877,"day_18244":1.1233330994152047,"day_18245":1.123952514619883,"day_18246":1.1243609356725146,"day_18247":1.1259625730994152,"day_18248":1.1256058479532163,"day_18249":1.1251001169590644,"day_18250":1.1257167251461988,"day_18251":1.1257015204678362,"day_18252":1.1267829239766083,"day_18253":1.126768187134503,"day_18254":1.1267913450292397,"day_18255":1.1261377777777777,"day_18256":1.125153918128655,"day_18257":1.1251459649122808,"day_18258":1.125587134502924,"day_18259":1.1276715789473684,"day_18260":1.1299054970760234,"last_performance":1.1313031578947368,"day_18261":1.1313031578947368,"history_ote":4275000,"history_days":30,"history_cnt":31,"last_day":18261,"avg_performance":1.1254422410865874}