{"day_18004":1.2062126315789474,"day_18005":1.2063885380116959,"day_18006":1.206511812865497,"day_18007":1.2069454970760234,"day_18008":1.2075008187134504,"day_18009":1.2078617543859649,"day_18010":1.208500350877193,"day_18011":1.2092285380116958,"day_18012":1.2089394152046784,"day_18013":1.2053415204678362,"day_18014":1.2022023391812866,"day_18015":1.2018991812865496,"day_18016":1.2000495906432749,"day_18017":1.2019714619883042,"day_18018":1.2027829239766081,"day_18019":1.2039892397660819,"day_18020":1.2001394152046783,"day_18021":1.1975805847953216,"day_18022":1.1956374269005847,"day_18023":1.1939043274853802,"day_18024":1.1903716959064328,"day_18025":1.185723976608187,"day_18026":1.1836849122807018,"day_18027":1.184026432748538,"day_18028":1.181871812865497,"day_18029":1.182583625730994,"day_18030":1.187518596491228,"day_18031":1.1891230409356726,"day_18032":1.1910975438596492,"day_18033":1.1937656140350876,"last_performance":1.1950870175438597,"day_18034":1.1950870175438597,"history_ote":4275000,"history_days":30,"history_cnt":31,"last_day":18034,"avg_performance":1.1980142463686096}