{"day_17910":1.1775293567251461,"day_17911":1.1775195321637426,"day_17912":1.1783656140350878,"day_17913":1.1796844444444445,"day_17914":1.1803454970760234,"day_17915":1.1827440935672515,"day_17916":1.1846687719298246,"day_17917":1.1864287719298245,"day_17918":1.1886088888888888,"day_17919":1.1892100584795322,"day_17920":1.1893029239766082,"day_17921":1.1885628070175438,"day_17922":1.1883052631578948,"day_17923":1.1886610526315788,"day_17924":1.1891436257309942,"day_17925":1.1893059649122808,"day_17926":1.189540350877193,"day_17927":1.1893120467836258,"day_17928":1.189122105263158,"day_17929":1.1887515789473684,"day_17930":1.1889419883040935,"day_17931":1.1898802339181287,"day_17932":1.1930645614035087,"day_17933":1.1945567251461988,"day_17934":1.1952336842105262,"day_17935":1.1941300584795322,"day_17936":1.1935153216374268,"day_17937":1.1943246783625732,"day_17938":1.1946327485380117,"day_17939":1.1947885380116958,"last_performance":1.1945637426900584,"day_17940":1.1945637426900584,"history_ote":4275000,"history_days":30,"history_cnt":31,"last_day":17940,"avg_performance":1.1884756461045087}