{"day_17782":1.079317894736842,"day_17783":1.082614269005848,"day_17784":1.084391812865497,"day_17785":1.0854760233918128,"day_17786":1.0880912280701753,"day_17787":1.0899099415204678,"day_17788":1.090658947368421,"day_17789":1.0945583625730995,"day_17790":1.0957225730994151,"day_17791":1.0973801169590642,"day_17792":1.099448187134503,"day_17793":1.1019221052631578,"day_17794":1.1043934502923978,"day_17795":1.1046886549707602,"day_17796":1.1021698245614036,"day_17797":1.1006757894736843,"day_17798":1.0999319298245613,"day_17799":1.100791812865497,"day_17800":1.1015964912280702,"day_17801":1.1020729824561404,"day_17802":1.103185029239766,"day_17803":1.1052640935672515,"day_17804":1.1065492397660819,"day_17805":1.1078736842105263,"day_17806":1.1072811695906433,"day_17807":1.1081305263157895,"day_17808":1.109818947368421,"day_17809":1.1119216374269005,"day_17810":1.1153845614035087,"day_17811":1.1188872514619883,"last_performance":1.1201677192982455,"day_17812":1.1201677192982455,"history_ote":4275000,"history_days":30,"history_cnt":31,"last_day":17812,"avg_performance":1.1006540728164493}