{"day_17761":1.0816362573099416,"day_17762":1.0834900584795322,"day_17763":1.0841621052631578,"day_17764":1.083593918128655,"day_17765":1.0840484210526316,"day_17766":1.0837651461988305,"day_17767":1.082626432748538,"day_17768":1.0799883040935672,"day_17769":1.0769405847953217,"day_17770":1.0773920467836258,"day_17771":1.0763529824561404,"day_17772":1.0765249122807017,"day_17773":1.0761906432748538,"day_17774":1.075340350877193,"day_17775":1.0758491228070175,"day_17776":1.0777440935672515,"day_17777":1.0766023391812864,"day_17778":1.0752119298245615,"day_17779":1.0748891228070176,"day_17780":1.0756631578947369,"day_17781":1.0765733333333334,"day_17782":1.079317894736842,"day_17783":1.082614269005848,"day_17784":1.084391812865497,"day_17785":1.0854760233918128,"day_17786":1.0880912280701753,"day_17787":1.0899099415204678,"day_17788":1.090658947368421,"day_17789":1.0945583625730995,"day_17790":1.0957225730994151,"last_performance":1.0963782456140352,"day_17791":1.0963782456140352,"history_ote":4275000,"history_days":30,"history_cnt":31,"last_day":17791,"avg_performance":1.0819904697226936}