{"day_18298":1.144814269005848,"day_18299":1.146088187134503,"day_18300":1.1486849122807017,"day_18301":1.1497246783625732,"day_18302":1.1509644444444445,"day_18303":1.1519794152046783,"day_18304":1.1525284210526316,"day_18305":1.1507469005847952,"day_18306":1.1476451461988304,"day_18307":1.1453352046783625,"day_18308":1.1437188304093566,"day_18309":1.1415373099415205,"day_18310":1.1386444444444443,"day_18311":1.1372388304093568,"day_18312":1.1376687719298246,"day_18313":1.1360760233918128,"day_18314":1.138239298245614,"day_18315":1.137699649122807,"day_18316":1.1339134502923978,"day_18317":1.1300442105263158,"day_18318":1.1268743859649122,"day_18319":1.1240378947368421,"day_18320":1.1212145029239766,"day_18321":1.121267134502924,"day_18322":1.121915321637427,"day_18323":1.123606081871345,"day_18324":1.1245854970760234,"day_18325":1.1241983625730994,"day_18326":1.1238283040935673,"day_18327":1.1222294736842104,"last_performance":1.1212348538011696,"day_18328":1.1212348538011696,"history_ote":4275000,"history_days":30,"history_cnt":31,"last_day":18328,"avg_performance":1.1360736842105263}