{"day_18133":1.1655218713450293,"day_18134":1.1665094736842105,"day_18135":1.167746432748538,"day_18136":1.168105730994152,"day_18137":1.1676919298245614,"day_18138":1.1686947368421052,"day_18139":1.1711108771929823,"day_18140":1.1727040935672515,"day_18141":1.173345730994152,"day_18142":1.1778486549707603,"day_18143":1.1808093567251463,"day_18144":1.1805705263157895,"day_18145":1.180033216374269,"day_18146":1.180273918128655,"day_18147":1.1771967251461988,"day_18148":1.1734332163742691,"day_18149":1.1719983625730994,"day_18150":1.1725707602339182,"day_18151":1.1714315789473684,"day_18152":1.1715656140350876,"day_18153":1.1739473684210526,"day_18154":1.1749812865497076,"day_18155":1.1752435087719297,"day_18156":1.1730044444444445,"day_18157":1.172734269005848,"day_18158":1.1733499415204678,"day_18159":1.1733211695906434,"day_18160":1.1747197660818713,"day_18161":1.177093567251462,"day_18162":1.176298947368421,"last_performance":1.1772311111111111,"day_18163":1.1772311111111111,"history_ote":4275000,"history_days":30,"history_cnt":31,"last_day":18163,"avg_performance":1.1735834899075648}