{"day_17823":1.1347929824561402,"day_17824":1.1359801169590644,"day_17825":1.1388077192982455,"day_17826":1.142225029239766,"day_17827":1.1434624561403508,"day_17828":1.1440276023391813,"day_17829":1.14422432748538,"day_17830":1.1440778947368422,"day_17831":1.1445738011695907,"day_17832":1.1435228070175438,"day_17833":1.1432166081871344,"day_17834":1.1407197660818713,"day_17835":1.1399045614035088,"day_17836":1.13844,"day_17837":1.1377752046783627,"day_17838":1.1402900584795321,"day_17839":1.1402,"day_17840":1.139787134502924,"day_17841":1.1412580116959063,"day_17842":1.1432947368421054,"day_17843":1.1453602339181286,"day_17844":1.1467249122807017,"day_17845":1.1485251461988304,"day_17846":1.1502130994152047,"day_17847":1.1524011695906433,"day_17848":1.1528514619883041,"day_17849":1.1535534502923976,"day_17850":1.1553995321637427,"day_17851":1.1567319298245613,"day_17852":1.1599111111111111,"last_performance":1.1611106432748537,"day_17853":1.1611106432748537,"history_ote":4275000,"history_days":30,"history_cnt":31,"last_day":17853,"avg_performance":1.1452697906055462}