{"day_17884":1.178726081871345,"day_17885":1.1789527485380118,"day_17886":1.1792168421052631,"day_17887":1.1793377777777778,"day_17888":1.1797026900584795,"day_17889":1.1798893567251463,"day_17890":1.1808196491228071,"day_17891":1.181807485380117,"day_17892":1.1819309941520468,"day_17893":1.182452865497076,"day_17894":1.1820764912280701,"day_17895":1.1813810526315789,"day_17896":1.1814236257309942,"day_17897":1.1806753216374268,"day_17898":1.1800884210526317,"day_17899":1.1805426900584794,"day_17900":1.1807008187134502,"day_17901":1.1810194152046785,"day_17902":1.1809284210526316,"day_17903":1.1810208187134503,"day_17904":1.1812844444444444,"day_17905":1.180940350877193,"day_17906":1.179883274853801,"day_17907":1.178988538011696,"day_17908":1.1780341520467836,"day_17909":1.1776320467836257,"day_17910":1.1775293567251461,"day_17911":1.1775195321637426,"day_17912":1.1783656140350878,"day_17913":1.1796844444444445,"last_performance":1.1798229239766083,"day_17914":1.1798229239766083,"history_ote":4275000,"history_days":30,"history_cnt":31,"last_day":17914,"avg_performance":1.1800767176004525}