{"day_18248":1.1256058479532163,"day_18249":1.1251001169590644,"day_18250":1.1257167251461988,"day_18251":1.1257015204678362,"day_18252":1.1267829239766083,"day_18253":1.126768187134503,"day_18254":1.1267913450292397,"day_18255":1.1261377777777777,"day_18256":1.125153918128655,"day_18257":1.1251459649122808,"day_18258":1.125587134502924,"day_18259":1.1276715789473684,"day_18260":1.1299054970760234,"day_18261":1.1317359064327486,"day_18262":1.1333431578947368,"day_18263":1.1348205847953217,"day_18264":1.1344930994152047,"day_18265":1.1347305263157894,"day_18266":1.1347808187134503,"day_18267":1.1353564912280703,"day_18268":1.1358839766081872,"day_18269":1.1355534502923976,"day_18270":1.1356486549707603,"day_18271":1.1361536842105264,"day_18272":1.1367618713450292,"day_18273":1.1375679532163743,"day_18274":1.1378566081871344,"day_18275":1.138545029239766,"day_18276":1.139381754385965,"day_18277":1.1409843274853801,"last_performance":1.141350409356725,"day_18278":1.141350409356725,"history_ote":4275000,"history_days":30,"history_cnt":31,"last_day":18278,"avg_performance":1.1321618336162989}