{"day_17795":1.1046886549707602,"day_17796":1.1021698245614036,"day_17797":1.1006757894736843,"day_17798":1.0999319298245613,"day_17799":1.100791812865497,"day_17800":1.1015964912280702,"day_17801":1.1020729824561404,"day_17802":1.103185029239766,"day_17803":1.1052640935672515,"day_17804":1.1065492397660819,"day_17805":1.1078736842105263,"day_17806":1.1072811695906433,"day_17807":1.1081305263157895,"day_17808":1.109818947368421,"day_17809":1.1119216374269005,"day_17810":1.1153845614035087,"day_17811":1.1188872514619883,"day_17812":1.1221833918128654,"day_17813":1.1262138011695906,"day_17814":1.1276902923976608,"day_17815":1.1312484210526317,"day_17816":1.1332428070175438,"day_17817":1.1342816374269007,"day_17818":1.1349244444444444,"day_17819":1.1346577777777778,"day_17820":1.1346645614035087,"day_17821":1.1348350877192983,"day_17822":1.134514619883041,"day_17823":1.1347929824561402,"day_17824":1.1359801169590644,"last_performance":1.1377026900584795,"day_17825":1.1377026900584795,"history_ote":4275000,"history_days":30,"history_cnt":31,"last_day":17825,"avg_performance":1.118166330880966}