{"day_18206":1.133176140350877,"day_18207":1.1319726315789473,"day_18208":1.1300411695906434,"day_18209":1.1289684210526316,"day_18210":1.1296123976608188,"day_18211":1.1297129824561403,"day_18212":1.129060350877193,"day_18213":1.1299869005847953,"day_18214":1.1302584795321637,"day_18215":1.1296720467836256,"day_18216":1.1289483040935673,"day_18217":1.1262245614035087,"day_18218":1.1230771929824561,"day_18219":1.1209232748538012,"day_18220":1.120987134502924,"day_18221":1.1211983625730995,"day_18222":1.1214444444444445,"day_18223":1.1202002339181287,"day_18224":1.119205380116959,"day_18225":1.1183878362573099,"day_18226":1.117479298245614,"day_18227":1.1180383625730994,"day_18228":1.1183920467836257,"day_18229":1.1177922807017544,"day_18230":1.1185347368421052,"day_18231":1.1194032748538012,"day_18232":1.1198002339181286,"day_18233":1.1213695906432748,"day_18234":1.123468538011696,"day_18235":1.125099649122807,"last_performance":1.1252502923976608,"day_18236":1.1252502923976608,"history_ote":4275000,"history_days":30,"history_cnt":31,"last_day":18236,"avg_performance":1.1241189209583098}