{"day_18102":1.1858891228070176,"day_18103":1.1861050292397661,"day_18104":1.1839644444444444,"day_18105":1.1818348538011696,"day_18106":1.178974269005848,"day_18107":1.1782376608187135,"day_18108":1.1777550877192982,"day_18109":1.1779852631578946,"day_18110":1.1779934502923977,"day_18111":1.1755515789473685,"day_18112":1.175608187134503,"day_18113":1.1749244444444444,"day_18114":1.1727087719298246,"day_18115":1.1704930994152047,"day_18116":1.1680945029239767,"day_18117":1.1681616374269006,"day_18118":1.1664552046783625,"day_18119":1.1669730994152048,"day_18120":1.165058947368421,"day_18121":1.1652844444444443,"day_18122":1.1652615204678363,"day_18123":1.1668037426900584,"day_18124":1.1664762573099414,"day_18125":1.1641036257309942,"day_18126":1.1626269005847953,"day_18127":1.1620785964912281,"day_18128":1.1601831578947368,"day_18129":1.158537543859649,"day_18130":1.1589476023391814,"day_18131":1.1599143859649124,"last_performance":1.1603698245614036,"day_18132":1.1603698245614036,"history_ote":4275000,"history_days":30,"history_cnt":31,"last_day":18132,"avg_performance":1.1704308470099982}