{"day_17937":1.1943246783625732,"day_17938":1.1946327485380117,"day_17939":1.1947885380116958,"day_17940":1.1950661988304094,"day_17941":1.1946619883040936,"day_17942":1.19558783625731,"day_17943":1.1993054970760233,"day_17944":1.201357426900585,"day_17945":1.2046994152046784,"day_17946":1.2048145029239765,"day_17947":1.2053651461988304,"day_17948":1.2064138011695906,"day_17949":1.2038233918128656,"day_17950":1.2020891228070176,"day_17951":1.2019611695906434,"day_17952":1.2018823391812865,"day_17953":1.2018502923976608,"day_17954":1.20337216374269,"day_17955":1.2036046783625731,"day_17956":1.2020353216374269,"day_17957":1.1997955555555555,"day_17958":1.1991064327485381,"day_17959":1.19573567251462,"day_17960":1.19414432748538,"day_17961":1.1917787134502924,"day_17962":1.1916697076023393,"day_17963":1.1917054970760235,"day_17964":1.1907338011695907,"day_17965":1.1901134502923976,"day_17966":1.1910631578947368,"last_performance":1.1909658479532164,"day_17967":1.1909658479532164,"history_ote":4275000,"history_days":30,"history_cnt":31,"last_day":17967,"avg_performance":1.1980144651952467}