{"day_17923":1.1886610526315788,"day_17924":1.1891436257309942,"day_17925":1.1893059649122808,"day_17926":1.189540350877193,"day_17927":1.1893120467836258,"day_17928":1.189122105263158,"day_17929":1.1887515789473684,"day_17930":1.1889419883040935,"day_17931":1.1898802339181287,"day_17932":1.1930645614035087,"day_17933":1.1945567251461988,"day_17934":1.1952336842105262,"day_17935":1.1941300584795322,"day_17936":1.1935153216374268,"day_17937":1.1943246783625732,"day_17938":1.1946327485380117,"day_17939":1.1947885380116958,"day_17940":1.1950661988304094,"day_17941":1.1946619883040936,"day_17942":1.19558783625731,"day_17943":1.1993054970760233,"day_17944":1.201357426900585,"day_17945":1.2046994152046784,"day_17946":1.2048145029239765,"day_17947":1.2053651461988304,"day_17948":1.2064138011695906,"day_17949":1.2038233918128656,"day_17950":1.2020891228070176,"day_17951":1.2019611695906434,"day_17952":1.2018823391812865,"last_performance":1.2018502923976608,"day_17953":1.2018502923976608,"history_ote":4275000,"history_days":30,"history_cnt":31,"last_day":17953,"avg_performance":1.1959930126391247}