{"day_17811":1.1188872514619883,"day_17812":1.1221833918128654,"day_17813":1.1262138011695906,"day_17814":1.1276902923976608,"day_17815":1.1312484210526317,"day_17816":1.1332428070175438,"day_17817":1.1342816374269007,"day_17818":1.1349244444444444,"day_17819":1.1346577777777778,"day_17820":1.1346645614035087,"day_17821":1.1348350877192983,"day_17822":1.134514619883041,"day_17823":1.1347929824561402,"day_17824":1.1359801169590644,"day_17825":1.1388077192982455,"day_17826":1.142225029239766,"day_17827":1.1434624561403508,"day_17828":1.1440276023391813,"day_17829":1.14422432748538,"day_17830":1.1440778947368422,"day_17831":1.1445738011695907,"day_17832":1.1435228070175438,"day_17833":1.1432166081871344,"day_17834":1.1407197660818713,"day_17835":1.1399045614035088,"day_17836":1.13844,"day_17837":1.1377752046783627,"day_17838":1.1402900584795321,"day_17839":1.1402,"day_17840":1.139787134502924,"last_performance":1.1406987134502924,"day_17841":1.1406987134502924,"history_ote":4275000,"history_days":30,"history_cnt":31,"last_day":17841,"avg_performance":1.1369055121675156}