{"day_18271":1.1361536842105264,"day_18272":1.1367618713450292,"day_18273":1.1375679532163743,"day_18274":1.1378566081871344,"day_18275":1.138545029239766,"day_18276":1.139381754385965,"day_18277":1.1409843274853801,"day_18278":1.1420364912280703,"day_18279":1.1420638596491228,"day_18280":1.1405604678362573,"day_18281":1.139825730994152,"day_18282":1.1408708771929825,"day_18283":1.140694269005848,"day_18284":1.1408009356725146,"day_18285":1.1407461988304093,"day_18286":1.1426729824561404,"day_18287":1.1440287719298246,"day_18288":1.1445534502923977,"day_18289":1.1446783625730994,"day_18290":1.145431812865497,"day_18291":1.1453012865497076,"day_18292":1.1463976608187134,"day_18293":1.1468788304093567,"day_18294":1.146594619883041,"day_18295":1.146261754385965,"day_18296":1.1456095906432748,"day_18297":1.1443356725146199,"day_18298":1.144814269005848,"day_18299":1.146088187134503,"day_18300":1.1486849122807017,"last_performance":1.1491927485380118,"day_18301":1.1491927485380118,"history_ote":4275000,"history_days":30,"history_cnt":31,"last_day":18301,"avg_performance":1.1427862893793626}