{"day_17987":1.2169258479532163,"day_17988":1.2193183625730994,"day_17989":1.2177550877192982,"day_17990":1.2152147368421053,"day_17991":1.2138409356725146,"day_17992":1.2128154385964913,"day_17993":1.2114914619883042,"day_17994":1.2092098245614036,"day_17995":1.207159298245614,"day_17996":1.2063391812865496,"day_17997":1.2063826900584795,"day_17998":1.2066832748538012,"day_17999":1.2073321637426901,"day_18000":1.206719298245614,"day_18001":1.2066795321637427,"day_18002":1.2071826900584794,"day_18003":1.2061716959064328,"day_18004":1.2062126315789474,"day_18005":1.2063885380116959,"day_18006":1.206511812865497,"day_18007":1.2069454970760234,"day_18008":1.2075008187134504,"day_18009":1.2078617543859649,"day_18010":1.208500350877193,"day_18011":1.2092285380116958,"day_18012":1.2089394152046784,"day_18013":1.2053415204678362,"day_18014":1.2022023391812866,"day_18015":1.2018991812865496,"day_18016":1.2000495906432749,"last_performance":1.2006456140350876,"day_18017":1.2006456140350876,"history_ote":4275000,"history_days":30,"history_cnt":31,"last_day":18017,"avg_performance":1.2082402942840973}