{"day_18096":1.1834748538011697,"day_18097":1.1816159064327485,"day_18098":1.1821401169590644,"day_18099":1.184077894736842,"day_18100":1.1859253801169591,"day_18101":1.1860769590643274,"day_18102":1.1858891228070176,"day_18103":1.1861050292397661,"day_18104":1.1839644444444444,"day_18105":1.1818348538011696,"day_18106":1.178974269005848,"day_18107":1.1782376608187135,"day_18108":1.1777550877192982,"day_18109":1.1779852631578946,"day_18110":1.1779934502923977,"day_18111":1.1755515789473685,"day_18112":1.175608187134503,"day_18113":1.1749244444444444,"day_18114":1.1727087719298246,"day_18115":1.1704930994152047,"day_18116":1.1680945029239767,"day_18117":1.1681616374269006,"day_18118":1.1664552046783625,"day_18119":1.1669730994152048,"day_18120":1.165058947368421,"day_18121":1.1652844444444443,"day_18122":1.1652615204678363,"day_18123":1.1668037426900584,"day_18124":1.1664762573099414,"day_18125":1.1641036257309942,"last_performance":1.1626269005847953,"day_18126":1.1626269005847953,"history_ote":4275000,"history_days":30,"history_cnt":31,"last_day":18126,"avg_performance":1.1750527824938692}