{"day_17852":1.1599111111111111,"day_17853":1.1630070175438596,"day_17854":1.1649604678362573,"day_17855":1.1643663157894737,"day_17856":1.164581754385965,"day_17857":1.1654273684210525,"day_17858":1.1666666666666667,"day_17859":1.1669326315789474,"day_17860":1.168494269005848,"day_17861":1.1697581286549708,"day_17862":1.1699080701754385,"day_17863":1.1701216374269006,"day_17864":1.171273216374269,"day_17865":1.1717892397660818,"day_17866":1.172678596491228,"day_17867":1.1735798830409356,"day_17868":1.1736872514619883,"day_17869":1.1740114619883042,"day_17870":1.1744837426900585,"day_17871":1.1754526315789473,"day_17872":1.17514783625731,"day_17873":1.1740795321637427,"day_17874":1.1741405847953217,"day_17875":1.1738432748538012,"day_17876":1.1745560233918129,"day_17877":1.1757415204678363,"day_17878":1.1763209356725146,"day_17879":1.1770100584795322,"day_17880":1.1761188304093568,"day_17881":1.1762112280701755,"last_performance":1.176253567251462,"day_17882":1.176253567251462,"history_ote":4275000,"history_days":30,"history_cnt":31,"last_day":17882,"avg_performance":1.1713069307677795}