{"day_18284":1.1408009356725146,"day_18285":1.1407461988304093,"day_18286":1.1426729824561404,"day_18287":1.1440287719298246,"day_18288":1.1445534502923977,"day_18289":1.1446783625730994,"day_18290":1.145431812865497,"day_18291":1.1453012865497076,"day_18292":1.1463976608187134,"day_18293":1.1468788304093567,"day_18294":1.146594619883041,"day_18295":1.146261754385965,"day_18296":1.1456095906432748,"day_18297":1.1443356725146199,"day_18298":1.144814269005848,"day_18299":1.146088187134503,"day_18300":1.1486849122807017,"day_18301":1.1497246783625732,"day_18302":1.1509644444444445,"day_18303":1.1519794152046783,"day_18304":1.1525284210526316,"day_18305":1.1507469005847952,"day_18306":1.1476451461988304,"day_18307":1.1453352046783625,"day_18308":1.1437188304093566,"day_18309":1.1415373099415205,"day_18310":1.1386444444444443,"day_18311":1.1372388304093568,"day_18312":1.1376687719298246,"day_18313":1.1360760233918128,"last_performance":1.137246081871345,"day_18314":1.137246081871345,"history_ote":4275000,"history_days":30,"history_cnt":31,"last_day":18314,"avg_performance":1.1446752839086967}