{"day_18166":1.1677469005847954,"day_18167":1.1644166081871345,"day_18168":1.1630622222222222,"day_18169":1.161061754385965,"day_18170":1.1600170760233919,"day_18171":1.159513918128655,"day_18172":1.1605995321637428,"day_18173":1.1592734502923976,"day_18174":1.1558233918128655,"day_18175":1.1527031578947369,"day_18176":1.1499604678362574,"day_18177":1.1476638596491229,"day_18178":1.1448161403508772,"day_18179":1.1436290058479532,"day_18180":1.1412334502923978,"day_18181":1.140978947368421,"day_18182":1.139973567251462,"day_18183":1.1393791812865497,"day_18184":1.1393721637426901,"day_18185":1.1371298245614034,"day_18186":1.1353649122807017,"day_18187":1.1344343859649122,"day_18188":1.1316638596491229,"day_18189":1.1297686549707602,"day_18190":1.1280191812865497,"day_18191":1.1247922807017543,"day_18192":1.1242329824561403,"day_18193":1.1243950877192983,"day_18194":1.126585730994152,"day_18195":1.1284126315789473,"last_performance":1.1303967251461988,"day_18196":1.1303967251461988,"history_ote":4275000,"history_days":30,"history_cnt":31,"last_day":18196,"avg_performance":1.1434329371816636}