{"day_18046":1.1846063157894737,"day_18047":1.1835899415204678,"day_18048":1.1844458479532163,"day_18049":1.1858790643274855,"day_18050":1.1865543859649124,"day_18051":1.185500350877193,"day_18052":1.1842956725146199,"day_18053":1.181862923976608,"day_18054":1.1803943859649122,"day_18055":1.1820654970760234,"day_18056":1.181686783625731,"day_18057":1.1796654970760234,"day_18058":1.1778474853801169,"day_18059":1.177133567251462,"day_18060":1.1800987134502925,"day_18061":1.1821249122807018,"day_18062":1.1805033918128656,"day_18063":1.1794329824561403,"day_18064":1.1797258479532164,"day_18065":1.18176,"day_18066":1.1824991812865497,"day_18067":1.182875789473684,"day_18068":1.1818451461988304,"day_18069":1.183568888888889,"day_18070":1.1820177777777778,"day_18071":1.1825452631578948,"day_18072":1.1847536842105264,"day_18073":1.1858051461988304,"day_18074":1.1873232748538012,"day_18075":1.1879228070175438,"last_performance":1.1898846783625732,"day_18076":1.1898846783625732,"history_ote":4275000,"history_days":30,"history_cnt":31,"last_day":18076,"avg_performance":1.1829101678928504}