{"day_17948":1.2064138011695906,"day_17949":1.2038233918128656,"day_17950":1.2020891228070176,"day_17951":1.2019611695906434,"day_17952":1.2018823391812865,"day_17953":1.2018502923976608,"day_17954":1.20337216374269,"day_17955":1.2036046783625731,"day_17956":1.2020353216374269,"day_17957":1.1997955555555555,"day_17958":1.1991064327485381,"day_17959":1.19573567251462,"day_17960":1.19414432748538,"day_17961":1.1917787134502924,"day_17962":1.1916697076023393,"day_17963":1.1917054970760235,"day_17964":1.1907338011695907,"day_17965":1.1901134502923976,"day_17966":1.1910631578947368,"day_17967":1.1924411695906432,"day_17968":1.1944114619883042,"day_17969":1.1943076023391812,"day_17970":1.1911609356725146,"day_17971":1.1898374269005847,"day_17972":1.1905663157894737,"day_17973":1.191286783625731,"day_17974":1.1933047953216374,"day_17975":1.1958334502923977,"day_17976":1.198331461988304,"day_17977":1.1998109941520467,"last_performance":1.202288187134503,"day_17978":1.202288187134503,"history_ote":4275000,"history_days":30,"history_cnt":31,"last_day":17978,"avg_performance":1.1966599735898886}