{"day_18036":1.1923216374269006,"day_18037":1.18904,"day_18038":1.1832072514619882,"day_18039":1.1859015204678363,"day_18040":1.1878727485380116,"day_18041":1.1887415204678362,"day_18042":1.1887646783625732,"day_18043":1.187978947368421,"day_18044":1.185828538011696,"day_18045":1.1847595321637427,"day_18046":1.1846063157894737,"day_18047":1.1835899415204678,"day_18048":1.1844458479532163,"day_18049":1.1858790643274855,"day_18050":1.1865543859649124,"day_18051":1.185500350877193,"day_18052":1.1842956725146199,"day_18053":1.181862923976608,"day_18054":1.1803943859649122,"day_18055":1.1820654970760234,"day_18056":1.181686783625731,"day_18057":1.1796654970760234,"day_18058":1.1778474853801169,"day_18059":1.177133567251462,"day_18060":1.1800987134502925,"day_18061":1.1821249122807018,"day_18062":1.1805033918128656,"day_18063":1.1794329824561403,"day_18064":1.1797258479532164,"day_18065":1.18176,"last_performance":1.1824605847953216,"day_18066":1.1824605847953216,"history_ote":4275000,"history_days":30,"history_cnt":31,"last_day":18066,"avg_performance":1.1837435653650255}