{"day_18214":1.1302584795321637,"day_18215":1.1296720467836256,"day_18216":1.1289483040935673,"day_18217":1.1262245614035087,"day_18218":1.1230771929824561,"day_18219":1.1209232748538012,"day_18220":1.120987134502924,"day_18221":1.1211983625730995,"day_18222":1.1214444444444445,"day_18223":1.1202002339181287,"day_18224":1.119205380116959,"day_18225":1.1183878362573099,"day_18226":1.117479298245614,"day_18227":1.1180383625730994,"day_18228":1.1183920467836257,"day_18229":1.1177922807017544,"day_18230":1.1185347368421052,"day_18231":1.1194032748538012,"day_18232":1.1198002339181286,"day_18233":1.1213695906432748,"day_18234":1.123468538011696,"day_18235":1.125099649122807,"day_18236":1.1253347368421052,"day_18237":1.1261029239766083,"day_18238":1.1260247953216374,"day_18239":1.1259190643274855,"day_18240":1.1268107602339181,"day_18241":1.1274395321637427,"day_18242":1.1262194152046783,"day_18243":1.124736140350877,"last_performance":1.1242191812865496,"day_18244":1.1242191812865496,"history_ote":4275000,"history_days":30,"history_cnt":31,"last_day":18244,"avg_performance":1.1229907036408222}