{"day_17981":1.1139782267422018,"day_17982":1.11456794758037,"day_17983":1.1153073169066958,"day_17984":1.1164127022046277,"day_17985":1.1172445566855504,"day_17986":1.1196984847450686,"day_17987":1.119329738584397,"day_17988":1.121480786294451,"day_17989":1.1201936727868405,"day_17990":1.1176452119309261,"day_17991":1.1161572588901782,"day_17992":1.1150332741792368,"day_17993":1.1132199167292336,"day_17994":1.1105050849771347,"day_17995":1.10816087639069,"day_17996":1.1072725411234727,"day_17997":1.1066973244147158,"day_17998":1.1071315951129617,"day_17999":1.107021875639888,"day_18000":1.107336359292881,"day_18001":1.1064951197870452,"day_18002":1.1075291788956385,"day_18003":1.1069739266944236,"day_18004":1.106722749300389,"day_18005":1.1069167633608628,"day_18006":1.1072466043273497,"day_18007":1.1076204695925194,"day_18008":1.1082996041225854,"day_18009":1.1086405364821514,"day_18010":1.1084516415261756,"last_performance":1.108660330352877,"day_18011":1.108660330352877,"history_ote":5860400,"history_days":30,"history_cnt":31,"last_day":18011,"avg_performance":1.1115468282468879}