{"day_17783":1.0522766364070713,"day_17784":1.0542374240666166,"day_17785":1.054546617978295,"day_17786":1.0564900006825473,"day_17787":1.0581426182513138,"day_17788":1.0585519759743363,"day_17789":1.059766056924442,"day_17790":1.0609685345710191,"day_17791":1.0621875639888063,"day_17792":1.0636918981639478,"day_17793":1.0651127909357723,"day_17794":1.0666046686233022,"day_17795":1.067510238208996,"day_17796":1.0647495051532319,"day_17797":1.0634323595658999,"day_17798":1.0615292471503652,"day_17799":1.0625464132141151,"day_17800":1.0631351102313835,"day_17801":1.063435260391782,"day_17802":1.06400040952836,"day_17803":1.0651487953040748,"day_17804":1.0661546993379292,"day_17805":1.0678134598320934,"day_17806":1.0669476486246672,"day_17807":1.0668961163060542,"day_17808":1.0666621732304962,"day_17809":1.0684103474165585,"day_17810":1.0714156030305098,"day_17811":1.0726119377516894,"day_17812":1.0750300320797215,"last_performance":1.0762308033581325,"day_17813":1.0762308033581325,"history_ote":5860400,"history_days":30,"history_cnt":31,"last_day":17813,"avg_performance":1.064072159557533}