{"day_18207":1.0485949764521194,"day_18208":1.0465062111801242,"day_18209":1.0455992764998976,"day_18210":1.0449703091939118,"day_18211":1.046271926830933,"day_18212":1.0448100812231247,"day_18213":1.0452429868268378,"day_18214":1.0450706436420723,"day_18215":1.0442531226537437,"day_18216":1.0441887925738857,"day_18217":1.0420829636202307,"day_18218":1.0396389324960753,"day_18219":1.0375488021295474,"day_18220":1.0375530680499625,"day_18221":1.0379948467681388,"day_18222":1.038392259913999,"day_18223":1.0371926830933043,"day_18224":1.0361872909698997,"day_18225":1.0361405364821514,"day_18226":1.0352933246877347,"day_18227":1.035904204491161,"day_18228":1.0361908743430484,"day_18229":1.0358670056651422,"day_18230":1.0360321821036107,"day_18231":1.0375810524878848,"day_18232":1.0374269674424954,"day_18233":1.0384610265510887,"day_18234":1.0401556207767388,"day_18235":1.0414123609309944,"day_18236":1.0419271722066754,"last_performance":1.0421628216503993,"day_18237":1.0421628216503993,"history_ote":5860400,"history_days":30,"history_cnt":31,"last_day":18237,"avg_performance":1.0405372362560301}