{"day_18179":1.0584031806702614,"day_18180":1.0564104839260118,"day_18181":1.0566671216981776,"day_18182":1.0555108866288991,"day_18183":1.0550380520101017,"day_18184":1.0548549587058904,"day_18185":1.0527469114736197,"day_18186":1.0511023138352331,"day_18187":1.050418401474302,"day_18188":1.0483269060132414,"day_18189":1.0467131936386596,"day_18190":1.045740563784042,"day_18191":1.04316138830114,"day_18192":1.0428344481605352,"day_18193":1.0427858166678043,"day_18194":1.0446090710531704,"day_18195":1.0453646508770733,"day_18196":1.0471937069142039,"day_18197":1.0472730530339227,"day_18198":1.0493423657088254,"day_18199":1.0499641662685142,"day_18200":1.050930653197734,"day_18201":1.0523349941983482,"day_18202":1.0506158282711078,"day_18203":1.049388949559757,"day_18204":1.0490922121356905,"day_18205":1.0496044638591222,"day_18206":1.0491887925738856,"day_18207":1.0485949764521194,"day_18208":1.0465062111801242,"last_performance":1.0462396764725956,"day_18209":1.0462396764725956,"history_ote":5860400,"history_days":30,"history_cnt":31,"last_day":18209,"avg_performance":1.049579303185294}