{"day_17776":1.0504062862603236,"day_17777":1.0490307828817145,"day_17778":1.0472483106955157,"day_17779":1.046402293358815,"day_17780":1.0472778308647874,"day_17781":1.0478639683298068,"day_17782":1.0491314586035083,"day_17783":1.0522766364070713,"day_17784":1.0542374240666166,"day_17785":1.054546617978295,"day_17786":1.0564900006825473,"day_17787":1.0581426182513138,"day_17788":1.0585519759743363,"day_17789":1.059766056924442,"day_17790":1.0609685345710191,"day_17791":1.0621875639888063,"day_17792":1.0636918981639478,"day_17793":1.0651127909357723,"day_17794":1.0666046686233022,"day_17795":1.067510238208996,"day_17796":1.0647495051532319,"day_17797":1.0634323595658999,"day_17798":1.0615292471503652,"day_17799":1.0625464132141151,"day_17800":1.0631351102313835,"day_17801":1.063435260391782,"day_17802":1.06400040952836,"day_17803":1.0651487953040748,"day_17804":1.0661546993379292,"day_17805":1.0678134598320934,"last_performance":1.0671756194116442,"day_17806":1.0671756194116442,"history_ote":5860400,"history_days":30,"history_cnt":31,"last_day":17806,"avg_performance":1.0589215753190908}