{"day_17826":1.087783769026005,"day_17827":1.0883243464609924,"day_17828":1.0885059040338543,"day_17829":1.0880132755443315,"day_17830":1.0880385297931883,"day_17831":1.08698314108252,"day_17832":1.0855342638727732,"day_17833":1.085083100129684,"day_17834":1.0830209542010785,"day_17835":1.0820174390826565,"day_17836":1.0811144290492116,"day_17837":1.0803011739812982,"day_17838":1.0819097672513822,"day_17839":1.0815654221554842,"day_17840":1.0810256979045798,"day_17841":1.0820254590130367,"day_17842":1.0825331035424204,"day_17843":1.0846165790731008,"day_17844":1.0857327144904785,"day_17845":1.087574568288854,"day_17846":1.088319397993311,"day_17847":1.090416353832503,"day_17848":1.0905376766091053,"day_17849":1.0904429731758924,"day_17850":1.0919012354105522,"day_17851":1.0912098150296907,"day_17852":1.093572111118695,"day_17853":1.0958064295952494,"day_17854":1.0972117944167634,"day_17855":1.096731281141219,"last_performance":1.096687427479353,"day_17856":1.096687427479353,"history_ote":5860400,"history_days":30,"history_cnt":31,"last_day":17856,"avg_performance":1.0875658107670731}