{"day_18269":1.0523208313425705,"day_18270":1.0524235547061633,"day_18271":1.0523783359497645,"day_18272":1.0528644802402567,"day_18273":1.0540150842945875,"day_18274":1.0542169476486247,"day_18275":1.0546346665756603,"day_18276":1.05425431711146,"day_18277":1.0558047232270835,"day_18278":1.056710804723227,"day_18279":1.0565998907924374,"day_18280":1.0553948535936113,"day_18281":1.053950071667463,"day_18282":1.0549023957409052,"day_18283":1.0549276499897617,"day_18284":1.0555523513753327,"day_18285":1.0555084977134666,"day_18286":1.0571182854412668,"day_18287":1.0581395467886152,"day_18288":1.0586647669101086,"day_18289":1.0586526516961299,"day_18290":1.0590969899665552,"day_18291":1.058835403726708,"day_18292":1.05969490137192,"day_18293":1.0600568220599276,"day_18294":1.0598843082383456,"day_18295":1.059543717152413,"day_18296":1.0593959456692377,"day_18297":1.0583755375059722,"day_18298":1.0587888198757764,"last_performance":1.0589696949013718,"day_18299":1.0589696949013718,"history_ote":5860400,"history_days":30,"history_cnt":31,"last_day":18299,"avg_performance":1.056505704774088}