{"day_18150":1.083846153846154,"day_18151":1.0825593816121766,"day_18152":1.0820727254112348,"day_18153":1.0837192000546039,"day_18154":1.0845046413214114,"day_18155":1.085066889632107,"day_18156":1.082978124360112,"day_18157":1.0830537164698655,"day_18158":1.0839835164835165,"day_18159":1.084089823220258,"day_18160":1.0847570131731623,"day_18161":1.087637192000546,"day_18162":1.08748293631834,"day_18163":1.088813732851,"day_18164":1.0869324619479899,"day_18165":1.08386441198553,"day_18166":1.0810202375264486,"day_18167":1.077552385502696,"day_18168":1.0762241485222852,"day_18169":1.0738604873387483,"day_18170":1.072434816736059,"day_18171":1.0719288785748413,"day_18172":1.0728499761108456,"day_18173":1.0723785065865812,"day_18174":1.0694640297590607,"day_18175":1.0665672991604669,"day_18176":1.064232134325302,"day_18177":1.062413487133984,"day_18178":1.0596546310832025,"day_18179":1.0584031806702614,"last_performance":1.0564104839260118,"day_18180":1.0564104839260118,"history_ote":5860400,"history_days":30,"history_cnt":31,"last_day":18180,"avg_performance":1.0771211807627357}