{"day_18224":1.0361872909698997,"day_18225":1.0361405364821514,"day_18226":1.0352933246877347,"day_18227":1.035904204491161,"day_18228":1.0361908743430484,"day_18229":1.0358670056651422,"day_18230":1.0360321821036107,"day_18231":1.0375810524878848,"day_18232":1.0374269674424954,"day_18233":1.0384610265510887,"day_18234":1.0401556207767388,"day_18235":1.0414123609309944,"day_18236":1.0419271722066754,"day_18237":1.0424346460992424,"day_18238":1.04239812982049,"day_18239":1.0423314108251998,"day_18240":1.042699815712238,"day_18241":1.0435338884717766,"day_18242":1.04303392259914,"day_18243":1.0424737219302436,"day_18244":1.0414575796873933,"day_18245":1.0419271722066754,"day_18246":1.0421699883966964,"day_18247":1.043543102859873,"day_18248":1.043725854890451,"day_18249":1.0430805064500717,"day_18250":1.0437968398061566,"day_18251":1.0437430892089277,"day_18252":1.0448786772233978,"day_18253":1.044809057402225,"last_performance":1.0449138284076172,"day_18254":1.0449138284076172,"history_ote":5860400,"history_days":30,"history_cnt":31,"last_day":18254,"avg_performance":1.040823575843111}