{"day_17995":1.10816087639069,"day_17996":1.1072725411234727,"day_17997":1.1066973244147158,"day_17998":1.1071315951129617,"day_17999":1.107021875639888,"day_18000":1.107336359292881,"day_18001":1.1064951197870452,"day_18002":1.1075291788956385,"day_18003":1.1069739266944236,"day_18004":1.106722749300389,"day_18005":1.1069167633608628,"day_18006":1.1072466043273497,"day_18007":1.1076204695925194,"day_18008":1.1082996041225854,"day_18009":1.1086405364821514,"day_18010":1.1084516415261756,"day_18011":1.108660330352877,"day_18012":1.1084925943621595,"day_18013":1.106290696880759,"day_18014":1.1035057333970377,"day_18015":1.1040147430209541,"day_18016":1.1024428366664392,"day_18017":1.1037270493481675,"day_18018":1.104103815439219,"day_18019":1.1045519077196095,"day_18020":1.1012270493481673,"day_18021":1.0984809910586308,"day_18022":1.0959878165312948,"day_18023":1.0942932223056447,"day_18024":1.0914664528018565,"last_performance":1.0880247082110437,"day_18025":1.0880247082110437,"history_ote":5860400,"history_days":30,"history_cnt":31,"last_day":18025,"avg_performance":1.1043157133389552}