{"day_18011":1.108660330352877,"day_18012":1.1084925943621595,"day_18013":1.106290696880759,"day_18014":1.1035057333970377,"day_18015":1.1040147430209541,"day_18016":1.1024428366664392,"day_18017":1.1037270493481675,"day_18018":1.104103815439219,"day_18019":1.1045519077196095,"day_18020":1.1012270493481673,"day_18021":1.0984809910586308,"day_18022":1.0959878165312948,"day_18023":1.0942932223056447,"day_18024":1.0914664528018565,"day_18025":1.0869459422565013,"day_18026":1.0839932427820627,"day_18027":1.0844981571223806,"day_18028":1.083019077196096,"day_18029":1.08447460924169,"day_18030":1.0887645894478193,"day_18031":1.090112449662139,"day_18032":1.0922240802675585,"day_18033":1.0939835164835165,"day_18034":1.0953742065388028,"day_18035":1.0934364548494984,"day_18036":1.0929805132755444,"day_18037":1.09090676404341,"day_18038":1.0856120742611426,"day_18039":1.0877491297522353,"day_18040":1.0891935704047506,"last_performance":1.090509180260733,"day_18041":1.090509180260733,"history_ote":5860400,"history_days":30,"history_cnt":31,"last_day":18041,"avg_performance":1.0948717031315711}