{"day_17818":1.083350965804382,"day_17819":1.083222305644666,"day_17820":1.0830625895843287,"day_17821":1.0831419357040475,"day_17822":1.0826755852842809,"day_17823":1.0824491502286533,"day_17824":1.0827687529861443,"day_17825":1.0850092143880963,"day_17826":1.087783769026005,"day_17827":1.0883243464609924,"day_17828":1.0885059040338543,"day_17829":1.0880132755443315,"day_17830":1.0880385297931883,"day_17831":1.08698314108252,"day_17832":1.0855342638727732,"day_17833":1.085083100129684,"day_17834":1.0830209542010785,"day_17835":1.0820174390826565,"day_17836":1.0811144290492116,"day_17837":1.0803011739812982,"day_17838":1.0819097672513822,"day_17839":1.0815654221554842,"day_17840":1.0810256979045798,"day_17841":1.0820254590130367,"day_17842":1.0825331035424204,"day_17843":1.0846165790731008,"day_17844":1.0857327144904785,"day_17845":1.087574568288854,"day_17846":1.088319397993311,"day_17847":1.090416353832503,"last_performance":1.0906173640024572,"day_17848":1.0906173640024572,"history_ote":5860400,"history_days":30,"history_cnt":31,"last_day":17848,"avg_performance":1.0847334597880578}