{"day_17911":1.0988110026619344,"day_17912":1.099184356016654,"day_17913":1.100090778786431,"day_17914":1.1005694150569927,"day_17915":1.1021844925261075,"day_17916":1.1034316770186336,"day_17917":1.1041440857279368,"day_17918":1.105794655654904,"day_17919":1.1059946420039588,"day_17920":1.1058214456351103,"day_17921":1.1051830933042113,"day_17922":1.1050989693536277,"day_17923":1.1051218346870522,"day_17924":1.1051842877619276,"day_17925":1.1053392259913999,"day_17926":1.1059454986007782,"day_17927":1.1053363251655177,"day_17928":1.1050061429253977,"day_17929":1.1044357040475052,"day_17930":1.104614360794485,"day_17931":1.1048535936113575,"day_17932":1.1072710053921233,"day_17933":1.1073204900689373,"day_17934":1.108091427206334,"day_17935":1.106944406525152,"day_17936":1.1059088116852092,"day_17937":1.1062674902737015,"day_17938":1.1063074192887858,"day_17939":1.106698006961982,"day_17940":1.1063947853388847,"last_performance":1.1063980274384002,"day_17941":1.1063980274384002,"history_ote":5860400,"history_days":30,"history_cnt":31,"last_day":17941,"avg_performance":1.1048305631455302}