{"day_17901":1.1012221008804859,"day_17902":1.1011326871885878,"day_17903":1.1010668213773804,"day_17904":1.1012156166814553,"day_17905":1.1011070916660979,"day_17906":1.1003066343594294,"day_17907":1.0993607944850181,"day_17908":1.0986186949696266,"day_17909":1.0982134325302026,"day_17910":1.0981926148385777,"day_17911":1.0988110026619344,"day_17912":1.099184356016654,"day_17913":1.100090778786431,"day_17914":1.1005694150569927,"day_17915":1.1021844925261075,"day_17916":1.1034316770186336,"day_17917":1.1041440857279368,"day_17918":1.105794655654904,"day_17919":1.1059946420039588,"day_17920":1.1058214456351103,"day_17921":1.1051830933042113,"day_17922":1.1050989693536277,"day_17923":1.1051218346870522,"day_17924":1.1051842877619276,"day_17925":1.1053392259913999,"day_17926":1.1059454986007782,"day_17927":1.1053363251655177,"day_17928":1.1050061429253977,"day_17929":1.1044357040475052,"day_17930":1.104614360794485,"last_performance":1.104365913589516,"day_17931":1.104365913589516,"history_ote":5860400,"history_days":30,"history_cnt":31,"last_day":17931,"avg_performance":1.102648206331837}