{"day_17944":1.110358849225309,"day_17945":1.1130325575046072,"day_17946":1.1136703979250564,"day_17947":1.1143807589925603,"day_17948":1.1156281141219029,"day_17949":1.113961163060542,"day_17950":1.1123909630741928,"day_17951":1.111742372534298,"day_17952":1.1114947785134122,"day_17953":1.1110985598252678,"day_17954":1.1123897686164768,"day_17955":1.1127114190157668,"day_17956":1.1117437376288308,"day_17957":1.1094759743362228,"day_17958":1.1088603167019315,"day_17959":1.1059913999044433,"day_17960":1.1048116169544742,"day_17961":1.1020635110231383,"day_17962":1.1019097672513822,"day_17963":1.1019401406047369,"day_17964":1.1016297522353422,"day_17965":1.101132175278138,"day_17966":1.1014388096375674,"day_17967":1.1025066548358473,"day_17968":1.1040137192000545,"day_17969":1.104227015220804,"day_17970":1.1014101426523786,"day_17971":1.1000552863285782,"day_17972":1.100285987304621,"day_17973":1.100960514640639,"last_performance":1.1024525629649853,"day_17974":1.1024525629649853,"history_ote":5860400,"history_days":30,"history_cnt":31,"last_day":17974,"avg_performance":1.107089315713339}