{"day_18052":1.0878535594839942,"day_18053":1.086606033717835,"day_18054":1.0839620162446248,"day_18055":1.084559757013173,"day_18056":1.0843478260869566,"day_18057":1.0826877004982596,"day_18058":1.0804938229472392,"day_18059":1.0798162241485223,"day_18060":1.082857484130776,"day_18061":1.0855967169476486,"day_18062":1.0831999522216913,"day_18063":1.082476110845676,"day_18064":1.0827062999112689,"day_18065":1.0851102313835232,"day_18066":1.085605419425295,"day_18067":1.0860432734966896,"day_18068":1.0851663708961845,"day_18069":1.086693399767934,"day_18070":1.084531260664801,"day_18071":1.0843447546242577,"day_18072":1.0865140604736878,"day_18073":1.0870348440379496,"day_18074":1.0885318408299776,"day_18075":1.088953484403795,"day_18076":1.0925414647464338,"day_18077":1.0936072623029145,"day_18078":1.0931680431369872,"day_18079":1.0922766364070713,"day_18080":1.092159067640434,"day_18081":1.0925885605078152,"last_performance":1.0943978226742201,"day_18082":1.0943978226742201,"history_ote":5860400,"history_days":30,"history_cnt":31,"last_day":18082,"avg_performance":1.08665907424573}