{"day_17864":1.0986033376561326,"day_17865":1.098586103337656,"day_17866":1.0988113439355676,"day_17867":1.0995573680977409,"day_17868":1.0996865401679066,"day_17869":1.099908879939936,"day_17870":1.1006108798034264,"day_17871":1.1013772097467749,"day_17872":1.101300423179305,"day_17873":1.0995194867244558,"day_17874":1.0988702136372943,"day_17875":1.0989130434782608,"day_17876":1.0995068596000273,"day_17877":1.0999056378404204,"day_17878":1.100143164289127,"day_17879":1.1006214592860555,"day_17880":1.0997283461879734,"day_17881":1.09952580028667,"day_17882":1.099200225240598,"day_17883":1.099394921848338,"day_17884":1.1008265647396083,"day_17885":1.1007134325302028,"day_17886":1.1007801515254931,"day_17887":1.1007526789980207,"day_17888":1.1009681932973858,"day_17889":1.1010304757354448,"day_17890":1.1015737833594976,"day_17891":1.1024465906764043,"day_17892":1.1025610879803427,"day_17893":1.1029134530066207,"last_performance":1.1028585079516757,"day_17894":1.1028585079516757,"history_ote":5860400,"history_days":30,"history_cnt":31,"last_day":17894,"avg_performance":1.1003611665833666}