{"day_18235":1.0414123609309944,"day_18236":1.0419271722066754,"day_18237":1.0424346460992424,"day_18238":1.04239812982049,"day_18239":1.0423314108251998,"day_18240":1.042699815712238,"day_18241":1.0435338884717766,"day_18242":1.04303392259914,"day_18243":1.0424737219302436,"day_18244":1.0414575796873933,"day_18245":1.0419271722066754,"day_18246":1.0421699883966964,"day_18247":1.043543102859873,"day_18248":1.043725854890451,"day_18249":1.0430805064500717,"day_18250":1.0437968398061566,"day_18251":1.0437430892089277,"day_18252":1.0448786772233978,"day_18253":1.044809057402225,"day_18254":1.044900348099106,"day_18255":1.044624599003481,"day_18256":1.043722954064569,"day_18257":1.0436625486314928,"day_18258":1.0435402020339908,"day_18259":1.0449370350146747,"day_18260":1.0468558460173367,"day_18261":1.048604020203399,"day_18262":1.0492324755989353,"day_18263":1.0508419220531022,"day_18264":1.0503969012354106,"last_performance":1.050462767046618,"day_18265":1.050462767046618,"history_ote":5860400,"history_days":30,"history_cnt":31,"last_day":18265,"avg_performance":1.0444244695396767}