{"day_17836":1.0811144290492116,"day_17837":1.0803011739812982,"day_17838":1.0819097672513822,"day_17839":1.0815654221554842,"day_17840":1.0810256979045798,"day_17841":1.0820254590130367,"day_17842":1.0825331035424204,"day_17843":1.0846165790731008,"day_17844":1.0857327144904785,"day_17845":1.087574568288854,"day_17846":1.088319397993311,"day_17847":1.090416353832503,"day_17848":1.0905376766091053,"day_17849":1.0904429731758924,"day_17850":1.0919012354105522,"day_17851":1.0912098150296907,"day_17852":1.093572111118695,"day_17853":1.0958064295952494,"day_17854":1.0972117944167634,"day_17855":1.096731281141219,"day_17856":1.096715923827725,"day_17857":1.0964394921848337,"day_17858":1.096473448911337,"day_17859":1.0966196846631628,"day_17860":1.0973624667258208,"day_17861":1.0979595249471026,"day_17862":1.0977351375332742,"day_17863":1.0978994607876595,"day_17864":1.0986033376561326,"day_17865":1.098586103337656,"last_performance":1.0986035082929493,"day_17866":1.0986035082929493,"history_ote":5860400,"history_days":30,"history_cnt":31,"last_day":17866,"avg_performance":1.0912111636109834}