{"day_18018":1.104103815439219,"day_18019":1.1045519077196095,"day_18020":1.1012270493481673,"day_18021":1.0984809910586308,"day_18022":1.0959878165312948,"day_18023":1.0942932223056447,"day_18024":1.0914664528018565,"day_18025":1.0869459422565013,"day_18026":1.0839932427820627,"day_18027":1.0844981571223806,"day_18028":1.083019077196096,"day_18029":1.08447460924169,"day_18030":1.0887645894478193,"day_18031":1.090112449662139,"day_18032":1.0922240802675585,"day_18033":1.0939835164835165,"day_18034":1.0953742065388028,"day_18035":1.0934364548494984,"day_18036":1.0929805132755444,"day_18037":1.09090676404341,"day_18038":1.0856120742611426,"day_18039":1.0877491297522353,"day_18040":1.0891935704047506,"day_18041":1.0905695856938094,"day_18042":1.0903480991058632,"day_18043":1.0901336086273974,"day_18044":1.0890108183741725,"day_18045":1.0887279025322503,"day_18046":1.088877209746775,"day_18047":1.0878062930857961,"last_performance":1.0871384205856256,"day_18048":1.0871384205856256,"history_ote":5860400,"history_days":30,"history_cnt":31,"last_day":18048,"avg_performance":1.0911610184045568}