{"day_18215":1.0442531226537437,"day_18216":1.0441887925738857,"day_18217":1.0420829636202307,"day_18218":1.0396389324960753,"day_18219":1.0375488021295474,"day_18220":1.0375530680499625,"day_18221":1.0379948467681388,"day_18222":1.038392259913999,"day_18223":1.0371926830933043,"day_18224":1.0361872909698997,"day_18225":1.0361405364821514,"day_18226":1.0352933246877347,"day_18227":1.035904204491161,"day_18228":1.0361908743430484,"day_18229":1.0358670056651422,"day_18230":1.0360321821036107,"day_18231":1.0375810524878848,"day_18232":1.0374269674424954,"day_18233":1.0384610265510887,"day_18234":1.0401556207767388,"day_18235":1.0414123609309944,"day_18236":1.0419271722066754,"day_18237":1.0424346460992424,"day_18238":1.04239812982049,"day_18239":1.0423314108251998,"day_18240":1.042699815712238,"day_18241":1.0435338884717766,"day_18242":1.04303392259914,"day_18243":1.0424737219302436,"day_18244":1.0414575796873933,"last_performance":1.0418592587536686,"day_18245":1.0418592587536686,"history_ote":5860400,"history_days":30,"history_cnt":31,"last_day":18245,"avg_performance":1.0396660472366743}