{"day_18258":1.0435402020339908,"day_18259":1.0449370350146747,"day_18260":1.0468558460173367,"day_18261":1.048604020203399,"day_18262":1.0492324755989353,"day_18263":1.0508419220531022,"day_18264":1.0503969012354106,"day_18265":1.050462767046618,"day_18266":1.0504108934543717,"day_18267":1.0509494232475598,"day_18268":1.0524696266466453,"day_18269":1.0523208313425705,"day_18270":1.0524235547061633,"day_18271":1.0523783359497645,"day_18272":1.0528644802402567,"day_18273":1.0540150842945875,"day_18274":1.0542169476486247,"day_18275":1.0546346665756603,"day_18276":1.05425431711146,"day_18277":1.0558047232270835,"day_18278":1.056710804723227,"day_18279":1.0565998907924374,"day_18280":1.0553948535936113,"day_18281":1.053950071667463,"day_18282":1.0549023957409052,"day_18283":1.0549276499897617,"day_18284":1.0555523513753327,"day_18285":1.0555084977134666,"day_18286":1.0571182854412668,"day_18287":1.0581395467886152,"last_performance":1.0581729916046687,"day_18288":1.0581729916046687,"history_ote":5860400,"history_days":30,"history_cnt":31,"last_day":18288,"avg_performance":1.0528577868735152}