{"day_18158":1.0839835164835165,"day_18159":1.084089823220258,"day_18160":1.0847570131731623,"day_18161":1.087637192000546,"day_18162":1.08748293631834,"day_18163":1.088813732851,"day_18164":1.0869324619479899,"day_18165":1.08386441198553,"day_18166":1.0810202375264486,"day_18167":1.077552385502696,"day_18168":1.0762241485222852,"day_18169":1.0738604873387483,"day_18170":1.072434816736059,"day_18171":1.0719288785748413,"day_18172":1.0728499761108456,"day_18173":1.0723785065865812,"day_18174":1.0694640297590607,"day_18175":1.0665672991604669,"day_18176":1.064232134325302,"day_18177":1.062413487133984,"day_18178":1.0596546310832025,"day_18179":1.0584031806702614,"day_18180":1.0564104839260118,"day_18181":1.0566671216981776,"day_18182":1.0555108866288991,"day_18183":1.0550380520101017,"day_18184":1.0548549587058904,"day_18185":1.0527469114736197,"day_18186":1.0511023138352331,"day_18187":1.050418401474302,"last_performance":1.0489669647123063,"day_18188":1.0489669647123063,"history_ote":5860400,"history_days":30,"history_cnt":31,"last_day":18188,"avg_performance":1.0692987542411505}