{"day_18286":1.0571182854412668,"day_18287":1.0581395467886152,"day_18288":1.0586647669101086,"day_18289":1.0586526516961299,"day_18290":1.0590969899665552,"day_18291":1.058835403726708,"day_18292":1.05969490137192,"day_18293":1.0600568220599276,"day_18294":1.0598843082383456,"day_18295":1.059543717152413,"day_18296":1.0593959456692377,"day_18297":1.0583755375059722,"day_18298":1.0587888198757764,"day_18299":1.059397481400587,"day_18300":1.0618396355197597,"day_18301":1.0627317247969421,"day_18302":1.063794109617091,"day_18303":1.064695754556003,"day_18304":1.0656405706095147,"day_18305":1.0647423384069348,"day_18306":1.0620930311924102,"day_18307":1.060080540577435,"day_18308":1.0593478260869564,"day_18309":1.0579416080813597,"day_18310":1.0552629513343799,"day_18311":1.0537306327213158,"day_18312":1.0537473551293428,"day_18313":1.0521452460582896,"day_18314":1.0532299843014128,"day_18315":1.0528003207972152,"last_performance":1.0504257388574159,"day_18316":1.0504257388574159,"history_ote":5860400,"history_days":30,"history_cnt":31,"last_day":18316,"avg_performance":1.0587062756918495}