{"day_18113":1.0849085386663027,"day_18114":1.082987850658658,"day_18115":1.0810647737355812,"day_18116":1.0780209542010784,"day_18117":1.0780994471367142,"day_18118":1.077609548836257,"day_18119":1.0774930038905195,"day_18120":1.0765179851204696,"day_18121":1.0763459832093372,"day_18122":1.0770626578390554,"day_18123":1.0782762268787114,"day_18124":1.0781673605897208,"day_18125":1.0770327963961503,"day_18126":1.075407821991673,"day_18127":1.0745889359088117,"day_18128":1.0730102040816327,"day_18129":1.0711175005119105,"day_18130":1.0714103132891952,"day_18131":1.0719213705549109,"day_18132":1.073867824721862,"day_18133":1.0770413282369804,"day_18134":1.078179646440516,"day_18135":1.0782426114258412,"day_18136":1.0793580642959526,"day_18137":1.0788586103337656,"day_18138":1.0790563784042044,"day_18139":1.0812418947512115,"day_18140":1.0834507883420927,"day_18141":1.083087161285919,"day_18142":1.0871164084362843,"last_performance":1.0881342570473005,"day_18143":1.0881342570473005,"history_ote":5860400,"history_days":30,"history_cnt":31,"last_day":18143,"avg_performance":1.0783444595876976}