{"day_17974":1.103399938570746,"day_17975":1.1061907037062317,"day_17976":1.1089487065729302,"day_17977":1.109351921370555,"day_17978":1.1130306804996246,"day_17979":1.1158340727595386,"day_17980":1.1148544467954407,"day_17981":1.1139782267422018,"day_17982":1.11456794758037,"day_17983":1.1153073169066958,"day_17984":1.1164127022046277,"day_17985":1.1172445566855504,"day_17986":1.1196984847450686,"day_17987":1.119329738584397,"day_17988":1.121480786294451,"day_17989":1.1201936727868405,"day_17990":1.1176452119309261,"day_17991":1.1161572588901782,"day_17992":1.1150332741792368,"day_17993":1.1132199167292336,"day_17994":1.1105050849771347,"day_17995":1.10816087639069,"day_17996":1.1072725411234727,"day_17997":1.1066973244147158,"day_17998":1.1071315951129617,"day_17999":1.107021875639888,"day_18000":1.107336359292881,"day_18001":1.1064951197870452,"day_18002":1.1075291788956385,"day_18003":1.1069739266944236,"last_performance":1.1068671080472323,"day_18004":1.1068671080472323,"history_ote":5860400,"history_days":30,"history_cnt":31,"last_day":18004,"avg_performance":1.1120603404809974}