{"day_17757":1.0570583919186403,"day_17758":1.0552453757422702,"day_17759":1.0540193502150024,"day_17760":1.0553325711555526,"day_17761":1.0560398607603576,"day_17762":1.056845949081974,"day_17763":1.0578542420312607,"day_17764":1.0572305644665894,"day_17765":1.056995085659682,"day_17766":1.056920517370828,"day_17767":1.056037642481742,"day_17768":1.0533125725206471,"day_17769":1.0508565968193297,"day_17770":1.0517118285441267,"day_17771":1.0510123882328852,"day_17772":1.0508927718244487,"day_17773":1.050294860419084,"day_17774":1.0491091051805337,"day_17775":1.0494331444952563,"day_17776":1.0504062862603236,"day_17777":1.0490307828817145,"day_17778":1.0472483106955157,"day_17779":1.046402293358815,"day_17780":1.0472778308647874,"day_17781":1.0478639683298068,"day_17782":1.0491314586035083,"day_17783":1.0522766364070713,"day_17784":1.0542374240666166,"day_17785":1.054546617978295,"day_17786":1.0564900006825473,"last_performance":1.0574819124974404,"day_17787":1.0574819124974404,"history_ote":5860400,"history_days":30,"history_cnt":31,"last_day":17787,"avg_performance":1.0528579465015049}