{"day_17920":1.1058214456351103,"day_17921":1.1051830933042113,"day_17922":1.1050989693536277,"day_17923":1.1051218346870522,"day_17924":1.1051842877619276,"day_17925":1.1053392259913999,"day_17926":1.1059454986007782,"day_17927":1.1053363251655177,"day_17928":1.1050061429253977,"day_17929":1.1044357040475052,"day_17930":1.104614360794485,"day_17931":1.1048535936113575,"day_17932":1.1072710053921233,"day_17933":1.1073204900689373,"day_17934":1.108091427206334,"day_17935":1.106944406525152,"day_17936":1.1059088116852092,"day_17937":1.1062674902737015,"day_17938":1.1063074192887858,"day_17939":1.106698006961982,"day_17940":1.1063947853388847,"day_17941":1.1059407207699132,"day_17942":1.1058397037744865,"day_17943":1.108987611767115,"day_17944":1.110358849225309,"day_17945":1.1130325575046072,"day_17946":1.1136703979250564,"day_17947":1.1143807589925603,"day_17948":1.1156281141219029,"day_17949":1.113961163060542,"last_performance":1.1132617227493005,"day_17950":1.1132617227493005,"history_ote":5860400,"history_days":30,"history_cnt":31,"last_day":17950,"avg_performance":1.1076840620809765}