{"day_17876":1.0995068596000273,"day_17877":1.0999056378404204,"day_17878":1.100143164289127,"day_17879":1.1006214592860555,"day_17880":1.0997283461879734,"day_17881":1.09952580028667,"day_17882":1.099200225240598,"day_17883":1.099394921848338,"day_17884":1.1008265647396083,"day_17885":1.1007134325302028,"day_17886":1.1007801515254931,"day_17887":1.1007526789980207,"day_17888":1.1009681932973858,"day_17889":1.1010304757354448,"day_17890":1.1015737833594976,"day_17891":1.1024465906764043,"day_17892":1.1025610879803427,"day_17893":1.1029134530066207,"day_17894":1.102756125861716,"day_17895":1.1021073646850044,"day_17896":1.1020331376697836,"day_17897":1.1013485427615863,"day_17898":1.100550133096717,"day_17899":1.1010415671285236,"day_17900":1.1008661524810592,"day_17901":1.1012221008804859,"day_17902":1.1011326871885878,"day_17903":1.1010668213773804,"day_17904":1.1012156166814553,"day_17905":1.1011070916660979,"last_performance":1.1003066343594294,"day_17906":1.1003066343594294,"history_ote":5860400,"history_days":30,"history_cnt":31,"last_day":17906,"avg_performance":1.1009466710408404}