{"day_18034":1.0953742065388028,"day_18035":1.0934364548494984,"day_18036":1.0929805132755444,"day_18037":1.09090676404341,"day_18038":1.0856120742611426,"day_18039":1.0877491297522353,"day_18040":1.0891935704047506,"day_18041":1.0905695856938094,"day_18042":1.0903480991058632,"day_18043":1.0901336086273974,"day_18044":1.0890108183741725,"day_18045":1.0887279025322503,"day_18046":1.088877209746775,"day_18047":1.0878062930857961,"day_18048":1.087567401542557,"day_18049":1.0888021295474712,"day_18050":1.0898008668350283,"day_18051":1.088194150569927,"day_18052":1.0878535594839942,"day_18053":1.086606033717835,"day_18054":1.0839620162446248,"day_18055":1.084559757013173,"day_18056":1.0843478260869566,"day_18057":1.0826877004982596,"day_18058":1.0804938229472392,"day_18059":1.0798162241485223,"day_18060":1.082857484130776,"day_18061":1.0855967169476486,"day_18062":1.0831999522216913,"day_18063":1.082476110845676,"last_performance":1.0823988123677564,"day_18064":1.0823988123677564,"history_ote":5860400,"history_days":30,"history_cnt":31,"last_day":18064,"avg_performance":1.0871595740464703}