{"day_18242":1.04303392259914,"day_18243":1.0424737219302436,"day_18244":1.0414575796873933,"day_18245":1.0419271722066754,"day_18246":1.0421699883966964,"day_18247":1.043543102859873,"day_18248":1.043725854890451,"day_18249":1.0430805064500717,"day_18250":1.0437968398061566,"day_18251":1.0437430892089277,"day_18252":1.0448786772233978,"day_18253":1.044809057402225,"day_18254":1.044900348099106,"day_18255":1.044624599003481,"day_18256":1.043722954064569,"day_18257":1.0436625486314928,"day_18258":1.0435402020339908,"day_18259":1.0449370350146747,"day_18260":1.0468558460173367,"day_18261":1.048604020203399,"day_18262":1.0492324755989353,"day_18263":1.0508419220531022,"day_18264":1.0503969012354106,"day_18265":1.050462767046618,"day_18266":1.0504108934543717,"day_18267":1.0509494232475598,"day_18268":1.0524696266466453,"day_18269":1.0523208313425705,"day_18270":1.0524235547061633,"day_18271":1.0523783359497645,"last_performance":1.0527375264487067,"day_18272":1.0527375264487067,"history_ote":5860400,"history_days":30,"history_cnt":31,"last_day":18272,"avg_performance":1.0465842362406177}