{"day_18195":1.0453646508770733,"day_18196":1.0471937069142039,"day_18197":1.0472730530339227,"day_18198":1.0493423657088254,"day_18199":1.0499641662685142,"day_18200":1.050930653197734,"day_18201":1.0523349941983482,"day_18202":1.0506158282711078,"day_18203":1.049388949559757,"day_18204":1.0490922121356905,"day_18205":1.0496044638591222,"day_18206":1.0491887925738856,"day_18207":1.0485949764521194,"day_18208":1.0465062111801242,"day_18209":1.0455992764998976,"day_18210":1.0449703091939118,"day_18211":1.046271926830933,"day_18212":1.0448100812231247,"day_18213":1.0452429868268378,"day_18214":1.0450706436420723,"day_18215":1.0442531226537437,"day_18216":1.0441887925738857,"day_18217":1.0420829636202307,"day_18218":1.0396389324960753,"day_18219":1.0375488021295474,"day_18220":1.0375530680499625,"day_18221":1.0379948467681388,"day_18222":1.038392259913999,"day_18223":1.0371926830933043,"day_18224":1.0361872909698997,"last_performance":1.0361405364821514,"day_18225":1.0361405364821514,"history_ote":5860400,"history_days":30,"history_cnt":31,"last_day":18225,"avg_performance":1.044791404748327}