{"day_18002":1.1075291788956385,"day_18003":1.1069739266944236,"day_18004":1.106722749300389,"day_18005":1.1069167633608628,"day_18006":1.1072466043273497,"day_18007":1.1076204695925194,"day_18008":1.1082996041225854,"day_18009":1.1086405364821514,"day_18010":1.1084516415261756,"day_18011":1.108660330352877,"day_18012":1.1084925943621595,"day_18013":1.106290696880759,"day_18014":1.1035057333970377,"day_18015":1.1040147430209541,"day_18016":1.1024428366664392,"day_18017":1.1037270493481675,"day_18018":1.104103815439219,"day_18019":1.1045519077196095,"day_18020":1.1012270493481673,"day_18021":1.0984809910586308,"day_18022":1.0959878165312948,"day_18023":1.0942932223056447,"day_18024":1.0914664528018565,"day_18025":1.0869459422565013,"day_18026":1.0839932427820627,"day_18027":1.0844981571223806,"day_18028":1.083019077196096,"day_18029":1.08447460924169,"day_18030":1.0887645894478193,"day_18031":1.090112449662139,"last_performance":1.0912060610197256,"day_18032":1.0912060610197256,"history_ote":5860400,"history_days":30,"history_cnt":31,"last_day":18032,"avg_performance":1.0996342207181717}