{"day_17797":1.0634323595658999,"day_17798":1.0615292471503652,"day_17799":1.0625464132141151,"day_17800":1.0631351102313835,"day_17801":1.063435260391782,"day_17802":1.06400040952836,"day_17803":1.0651487953040748,"day_17804":1.0661546993379292,"day_17805":1.0678134598320934,"day_17806":1.0669476486246672,"day_17807":1.0668961163060542,"day_17808":1.0666621732304962,"day_17809":1.0684103474165585,"day_17810":1.0714156030305098,"day_17811":1.0726119377516894,"day_17812":1.0750300320797215,"day_17813":1.0765038222646919,"day_17814":1.077397276636407,"day_17815":1.0801250767865676,"day_17816":1.0815034809910586,"day_17817":1.082455634427684,"day_17818":1.083350965804382,"day_17819":1.083222305644666,"day_17820":1.0830625895843287,"day_17821":1.0831419357040475,"day_17822":1.0826755852842809,"day_17823":1.0824491502286533,"day_17824":1.0827687529861443,"day_17825":1.0850092143880963,"day_17826":1.087783769026005,"last_performance":1.088392259913999,"day_17827":1.088392259913999,"history_ote":5860400,"history_days":30,"history_cnt":31,"last_day":17827,"avg_performance":1.0743552075053782}