{"day_18299":1.059397481400587,"day_18300":1.0618396355197597,"day_18301":1.0627317247969421,"day_18302":1.063794109617091,"day_18303":1.064695754556003,"day_18304":1.0656405706095147,"day_18305":1.0647423384069348,"day_18306":1.0620930311924102,"day_18307":1.060080540577435,"day_18308":1.0593478260869564,"day_18309":1.0579416080813597,"day_18310":1.0552629513343799,"day_18311":1.0537306327213158,"day_18312":1.0537473551293428,"day_18313":1.0521452460582896,"day_18314":1.0532299843014128,"day_18315":1.0528003207972152,"day_18316":1.0499361818305917,"day_18317":1.0465589379564535,"day_18318":1.04416097877278,"day_18319":1.0414860760357654,"day_18320":1.0385646030987645,"history_ote":5860400,"history_days":30,"history_cnt":22,"last_day":18329,"avg_performance":1.055633085858241}