{"day_18097":1.0868311036789298,"day_18098":1.0868597706641185,"day_18099":1.0888572452392329,"day_18100":1.091274145109549,"day_18101":1.0918577230223192,"day_18102":1.091854822196437,"day_18103":1.0926569858712716,"day_18104":1.0910272336359292,"day_18105":1.0892034673401132,"day_18106":1.0867104634495939,"day_18107":1.0861847314176507,"day_18108":1.085521124837895,"day_18109":1.0854177189270358,"day_18110":1.086265954542352,"day_18111":1.0843217186540168,"day_18112":1.0844181284553955,"day_18113":1.0849085386663027,"day_18114":1.082987850658658,"day_18115":1.0810647737355812,"day_18116":1.0780209542010784,"day_18117":1.0780994471367142,"day_18118":1.077609548836257,"day_18119":1.0774930038905195,"day_18120":1.0765179851204696,"day_18121":1.0763459832093372,"day_18122":1.0770626578390554,"day_18123":1.0782762268787114,"day_18124":1.0781673605897208,"day_18125":1.0770327963961503,"day_18126":1.075407821991673,"last_performance":1.0752822332946557,"day_18127":1.0752822332946557,"history_ote":5860400,"history_days":30,"history_cnt":31,"last_day":18127,"avg_performance":1.083339984499572}