{"day_17808":1.0666621732304962,"day_17809":1.0684103474165585,"day_17810":1.0714156030305098,"day_17811":1.0726119377516894,"day_17812":1.0750300320797215,"day_17813":1.0765038222646919,"day_17814":1.077397276636407,"day_17815":1.0801250767865676,"day_17816":1.0815034809910586,"day_17817":1.082455634427684,"day_17818":1.083350965804382,"day_17819":1.083222305644666,"day_17820":1.0830625895843287,"day_17821":1.0831419357040475,"day_17822":1.0826755852842809,"day_17823":1.0824491502286533,"day_17824":1.0827687529861443,"day_17825":1.0850092143880963,"day_17826":1.087783769026005,"day_17827":1.0883243464609924,"day_17828":1.0885059040338543,"day_17829":1.0880132755443315,"day_17830":1.0880385297931883,"day_17831":1.08698314108252,"day_17832":1.0855342638727732,"day_17833":1.085083100129684,"day_17834":1.0830209542010785,"day_17835":1.0820174390826565,"day_17836":1.0811144290492116,"day_17837":1.0803011739812982,"last_performance":1.0815746365435805,"day_17838":1.0815746365435805,"history_ote":5860400,"history_days":30,"history_cnt":31,"last_day":17838,"avg_performance":1.0814222853884243}