{"day_18088":1.0963939321548017,"day_18089":1.0947515527950311,"day_18090":1.0911864377858167,"day_18091":1.0887052078356425,"day_18092":1.0866875981161694,"day_18093":1.0885115350488022,"day_18094":1.0888908606921028,"day_18095":1.0905817009077878,"day_18096":1.0887644188110026,"day_18097":1.0868311036789298,"day_18098":1.0868597706641185,"day_18099":1.0888572452392329,"day_18100":1.091274145109549,"day_18101":1.0918577230223192,"day_18102":1.091854822196437,"day_18103":1.0926569858712716,"day_18104":1.0910272336359292,"day_18105":1.0892034673401132,"day_18106":1.0867104634495939,"day_18107":1.0861847314176507,"day_18108":1.085521124837895,"day_18109":1.0854177189270358,"day_18110":1.086265954542352,"day_18111":1.0843217186540168,"day_18112":1.0844181284553955,"day_18113":1.0849085386663027,"day_18114":1.082987850658658,"day_18115":1.0810647737355812,"day_18116":1.0780209542010784,"day_18117":1.0780994471367142,"last_performance":1.0778382021705004,"day_18118":1.0778382021705004,"history_ote":5860400,"history_days":30,"history_cnt":31,"last_day":18118,"avg_performance":1.0873114628308977}