{"day_17846":1.088319397993311,"day_17847":1.090416353832503,"day_17848":1.0905376766091053,"day_17849":1.0904429731758924,"day_17850":1.0919012354105522,"day_17851":1.0912098150296907,"day_17852":1.093572111118695,"day_17853":1.0958064295952494,"day_17854":1.0972117944167634,"day_17855":1.096731281141219,"day_17856":1.096715923827725,"day_17857":1.0964394921848337,"day_17858":1.096473448911337,"day_17859":1.0966196846631628,"day_17860":1.0973624667258208,"day_17861":1.0979595249471026,"day_17862":1.0977351375332742,"day_17863":1.0978994607876595,"day_17864":1.0986033376561326,"day_17865":1.098586103337656,"day_17866":1.0988113439355676,"day_17867":1.0995573680977409,"day_17868":1.0996865401679066,"day_17869":1.099908879939936,"day_17870":1.1006108798034264,"day_17871":1.1013772097467749,"day_17872":1.101300423179305,"day_17873":1.0995194867244558,"day_17874":1.0988702136372943,"day_17875":1.0989130434782608,"last_performance":1.0992843491911815,"day_17876":1.0992843491911815,"history_ote":5860400,"history_days":30,"history_cnt":31,"last_day":17876,"avg_performance":1.096722044735469}