{"day_18137":1.0788586103337656,"day_18138":1.0790563784042044,"day_18139":1.0812418947512115,"day_18140":1.0834507883420927,"day_18141":1.083087161285919,"day_18142":1.0871164084362843,"day_18143":1.090060576069893,"day_18144":1.090855231724797,"day_18145":1.0891307760562419,"day_18146":1.0900757627465703,"day_18147":1.089006723090574,"day_18148":1.0847105999590472,"day_18149":1.0831806702614155,"day_18150":1.083846153846154,"day_18151":1.0825593816121766,"day_18152":1.0820727254112348,"day_18153":1.0837192000546039,"day_18154":1.0845046413214114,"day_18155":1.085066889632107,"day_18156":1.082978124360112,"day_18157":1.0830537164698655,"day_18158":1.0839835164835165,"day_18159":1.084089823220258,"day_18160":1.0847570131731623,"day_18161":1.087637192000546,"day_18162":1.08748293631834,"day_18163":1.088813732851,"day_18164":1.0869324619479899,"day_18165":1.08386441198553,"day_18166":1.0810202375264486,"last_performance":1.0780361408777557,"day_18167":1.0780361408777557,"history_ote":5860400,"history_days":30,"history_cnt":31,"last_day":18167,"avg_performance":1.0846532219533622}