{"ask":{"day_17752":1.031727178691492,"day_17753":1.032423584173778,"day_17754":1.0324093612619603,"day_17755":1.030472976467546,"day_17756":1.0281771399017328,"day_17757":1.0262340315490044,"day_17758":1.0242547194207394,"day_17759":1.0237083010085337,"day_17760":1.0227680372381691,"day_17761":1.0217959658650115,"day_17762":1.020422808378588,"day_17763":1.0204797000258599,"day_17764":1.019810705973623,"day_17765":1.0195632273079906,"day_17766":1.0189480217222653,"day_17767":1.0177408844065168,"day_17768":1.0586406186406185,"day_17769":1.0571461131461133,"day_17770":1.0561192511192512,"day_17771":1.0555518925518925,"day_17772":1.0552535612535612,"day_17773":1.0549226699226701,"day_17774":1.0561076516076515,"day_17775":1.0545950345950348,"day_17776":1.054188441188441,"day_17777":1.0551229141229141,"day_17778":1.0552218152218154,"day_17779":1.0565453805453806,"day_17780":1.055979242979243,"day_17781":1.0552979242979244,"day_17782":1.05561396011396},"bid":{"day_17753":1.0546231192873088,"day_17754":1.0594191945175888,"day_17755":1.0631705815198929,"day_17756":1.067273789857667,"day_17757":1.0671872690693127,"day_17758":1.065616278076941,"day_17759":1.064141575041282,"day_17760":1.0654952152079513,"day_17761":1.0662784193801913,"day_17762":1.0675035928409973,"day_17763":1.0683773873240197,"day_17764":1.0677759059314156,"day_17765":1.0678164198168618,"day_17766":1.067658368902029,"day_17767":1.0666731585884606,"day_17768":1.063982865149815,"day_17769":1.0612901920097266,"day_17770":1.0619839158399262,"day_17771":1.0611486259221872,"day_17772":1.0611456280069498,"day_17773":1.060653173561392,"day_17774":1.0596016034591973,"day_17775":1.059999535819961,"day_17776":1.061341409183095,"day_17777":1.0600594054015433,"day_17778":1.0584337583471342,"day_17779":1.0577970251380961,"day_17780":1.0586319616767672,"day_17781":1.0593477143312175,"day_17782":1.0597127283553684},"counter":{"day_17753":0.022199535113530677,"day_17754":0.027009833255628557,"day_17755":0.03269760505234687,"day_17756":0.039096649955934204,"day_17757":0.04095323752030833,"day_17758":0.0413615586562015,"day_17759":0.04043327403274821,"day_17760":0.042727177969782204,"day_17761":0.044482453515179765,"day_17762":0.047080784462409264,"day_17763":0.0478976872981598,"day_17764":0.04796519995779258,"day_17765":0.04825319250887117,"day_17766":0.048710347179763636,"day_17767":0.04893227418194379,"day_17768":0.005342246509196569,"day_17769":0.004144078863613343,"day_17770":0.005864664720675039,"day_17771":0.005596733370294649,"day_17772":0.005892066753388603,"day_17773":0.005730503638721851,"day_17774":0.0034939518515457735,"day_17775":0.005404501224926195,"day_17776":0.007152967994654036,"day_17777":0.004936491278629163,"day_17778":0.0032119431253188058,"day_17779":0.0012516445927155395,"day_17780":0.002652718697524259,"day_17781":0.004049790033293199,"day_17782":0.004098768241408424},"marked":{"ask":4914,"bid":5000,"consensus":6292360,"otg":1.0628046605854764,"otc":1.03985053120026,"nominal":0.13545383598349228},"timestamp":1536383728275}