{"ask":{"day_17753":1.0324528057926041,"day_17754":1.0320680113783294,"day_17755":1.029597879493147,"day_17756":1.0277088182053271,"day_17757":1.0253956555469357,"day_17758":1.023965089216447,"day_17759":1.023100853374709,"day_17760":1.0222707525213344,"day_17761":1.0212430824928884,"day_17762":1.0203354021205069,"day_17763":1.0205293509180242,"day_17764":1.0194760796483062,"day_17765":1.0194776312386862,"day_17766":1.018720455133178,"day_17767":1.0175740884406517,"day_17768":1.0584729344729344,"day_17769":1.0567222222222223,"day_17770":1.0558502238502239,"day_17771":1.05519129019129,"day_17772":1.0550932030932032,"day_17773":1.0548078958078957,"day_17774":1.0560203500203502,"day_17775":1.0548272283272284,"day_17776":1.0541670736670736,"day_17777":1.0550189255189253,"day_17778":1.0552179487179485,"day_17779":1.056617216117216,"day_17780":1.0559462759462759,"day_17781":1.0555103785103783,"day_17782":1.0560242165242164},"bid":{"day_17753":1.0546231192873088,"day_17754":1.0594191945175888,"day_17755":1.0631705815198929,"day_17756":1.067273789857667,"day_17757":1.0671872690693127,"day_17758":1.065616278076941,"day_17759":1.064141575041282,"day_17760":1.0654952152079513,"day_17761":1.0662784193801913,"day_17762":1.0675035928409973,"day_17763":1.0683773873240197,"day_17764":1.0677759059314156,"day_17765":1.0678164198168618,"day_17766":1.067658368902029,"day_17767":1.0666731585884606,"day_17768":1.063982865149815,"day_17769":1.0612901920097266,"day_17770":1.0619839158399262,"day_17771":1.0611486259221872,"day_17772":1.0611456280069498,"day_17773":1.060653173561392,"day_17774":1.0596016034591973,"day_17775":1.059999535819961,"day_17776":1.061341409183095,"day_17777":1.0600594054015433,"day_17778":1.0584337583471342,"day_17779":1.0577970251380961,"day_17780":1.0586319616767672,"day_17781":1.0593477143312175,"day_17782":1.0597127283553684,"day_17783":1.0496771601914487},"counter":{"day_17753":0.022170313494704663,"day_17754":0.02735118313925944,"day_17755":0.03357270202674578,"day_17756":0.03956497165233985,"day_17757":0.041791613522377036,"day_17758":0.041651188860494015,"day_17759":0.04104072166657291,"day_17760":0.04322446268661695,"day_17761":0.04503533688730288,"day_17762":0.04716819072049039,"day_17763":0.04784803640599544,"day_17764":0.04829982628310936,"day_17765":0.04833878857817564,"day_17766":0.048937913768850816,"day_17767":0.0490990701478089,"day_17768":0.005509930676880659,"day_17769":0.004567969787504289,"day_17770":0.006133691989702372,"day_17771":0.005957335730897073,"day_17772":0.006052424913746579,"day_17773":0.005845277753496303,"day_17774":0.0035812534388470763,"day_17775":0.005172307492732564,"day_17776":0.007174335516021424,"day_17777":0.005040479882618021,"day_17778":0.003215809629185662,"day_17779":0.001179809020880107,"day_17780":0.0026856857304913273,"day_17781":0.003837335820839227,"day_17782":0.0036885118311520415},"marked":{"ask":4914,"bid":5000,"consensus":6297047,"otg":1.0623811928308302,"otc":1.039646777950282,"nominal":0.14811007044983981},"timestamp":1536451779995}